title,author,isbn,publisher,chapter_number,chapter_title,section_number,content,reference
웨스트민스터 신앙고백서,웨스트민스터 총회,,영음사,1,성경,1,"본성의 빛과 창조와 섭리의 일들은 사람이 핑계할 수 없을 정도로 하나님의 선하심과 지혜와 능력을 너무나도 명백하게 나타내고 있다.1) 그럼 에도 이것들은 하나님과 그분의 뜻에 관하여 구원에 필요한 지식을 줄 정도 로 충분하지는 않다.2) 그래서 주님께서 여러 시대에 여러 모양으로 자신의 교회에 자신을 계시하고 자신의 뜻을 선포하기를 기뻐하셨다.3) 그리고 후에 는 진리를 더 잘 보존하고 전파하며, 육신의 부패 및 사탄과 세상의 악의에 맞서 교회를 더욱 견고하게 세우고 위로하기 위하여 바로 그 모든 것을 기록 하기를 기뻐하셨다.4) 이로 인하여 성경은 반드시 필요하게 되었다.5) 그리고 하나님께서 자신의 뜻을 자기 백성에게 계시하시던 이전 방식들은 이제 중 지되었다.6)","1) 롬 2:14~15; 1:19~20; 시 19:1~3; 롬 1:32; 2:1. 2) 고전 1:21; 2:13~14. 3) 히 1:1. 4) 잠 22:19~21; 눅 1:3~4; 롬 15:4; 마 4:4, 7, 10; 사 8:19~20. 5) 딤후 3:15; 벧후 1:19. 6) 히 1:1~2."
웨스트민스터 신앙고백서,웨스트민스터 총회,,영음사,1,성경,2,"성경 즉 기록된 하나님의 말씀이라는 이름 아래 포함된 것은 현재 구약과 신약의 모든 책이다. 이 책들은 다음과 같다. 구약: 창세기, 출애굽기, 레위기, 민수기, 신명기, 여호수아, 사사기, 룻기, 사무엘상, 사무엘하, 열왕기상, 열왕기하, 역대상, 역대하, 에스라, 느헤미야, 에스더, 욥기, 시편, 잠언, 전도서, 아가, 이사야, 예레미야, 예레미야애가, 에스겔, 다니엘, 호세아, 요엘, 아모스, 오바댜, 요나, 미가, 나훔, 하박국, 스바냐, 학개, 스가랴, 말라기. 신약: 마태복음, 마가복음, 누가복음, 요한복음, 사도행전, 로마서, 고린도전서, 고린도후서, 갈라디아서, 에베소서, 빌립보서, 골로새서, 데살로니가전서, 데살로니가후서, 디모데전서, 디모데후서, 디도서, 빌레몬서, 히브리서, 야고보서, 베드로전서, 베드로후서, 요한일서, 요한이서, 요한삼서, 유다서, 요한계시록. 이 모든 책은 하나님의 영감에 의하여 믿음과 생활의 규범으로 주어졌다.1)","1) 눅 16:29, 31; 엡 2:20; 계 22:18~19; 딤후 3:16."
웨스트민스터 신앙고백서,웨스트민스터 총회,,영음사,1,성경,3,"보통 외경이라 불리는 책들은 하나님의 영감으로 된 것이 아니므로 정경인 성경의 일부가 전혀 아니다. 따라서 이것들은 하나님의 교회에서 어떤 권위도 가지지 못하며, 단지 사람들이 쓴 다른 글과 같은 것일 뿐이며, 이와 다르게 인정을 받아서도 안 되며 사용되어서도 안 된다.1)","1) 눅 24:27, 44; 롬 3:2; 벧후 1:21."
웨스트민스터 신앙고백서,웨스트민스터 총회,,영음사,1,성경,4,성경의 권위는 우리가 성경을 믿고 순종해야 하는 이유이다. 이 성경의 권위는 어떤 사람이나 교회의 증언에 의존하는 것이 아니며 (진리 자체이자) 성경의 저자이신 하나님께만 전적으로 의존한다. 그러므로 우리는 성경을 받아들여야 한다. 왜냐하면 성경은 하나님의 말씀이기 때문이다.1),"1) 벧후 1:19, 21; 딤후 3:16; 요일 5:9; 살전 2:13."
웨스트민스터 신앙고백서,웨스트민스터 총회,,영음사,1,성경,5,"우리는 교회의 증언에 의해 감동되고 이끌리어 성경을 높이 여기고 경외심으로 대할 수 있다.1) 그리고 하늘에 속한 내용, 교훈의 감화력, 문체의 장엄함, 모든 부분의 조화로움, (모든 영광을 하나님께 돌리는) 전체 목적, 사람을 구원하는 유일한 길을 충분히 보여줌, 그 밖의 비교할 수 없는 많은 탁월함, 그리고 전체의 완전함 등은 성경 스스로가 하나님의 말씀임을 풍성하게 증언하는 논거들이다. 그럼에도 성경이 무오한 진리이며 신적 권위를 가지고 있음을 완전하게 인정하고 확신하는 것은 우리 마음속에 말씀에 의하여 또한 말씀과 함께 증언하시는 성령 하나님의 내적 사역으로 말미암는다.2)","1) 딤전 3:15. 2) 요일 2:20, 27; 요 16:13~14; 고전 2:10~12; 사 59:21."
웨스트민스터 신앙고백서,웨스트민스터 총회,,영음사,1,성경,6,"하나님 자신의 영광, 사람의 구원, 믿음, 그리고 생활에 필요한 모든 것과 관련한 하나님의 전체 경륜은 성경에 분명하게 기록되어 있거나, 또한 적절하고 필연적인 논리적 귀결에 의하여 성경으로부터 추론될 수 있다. 그러나 성령의 새로운 계시에 의해서든지, 사람의 전통에 의해서든지, 어떤 것이라도 어느 때이건 성경에 추가되어서는 안 된다.1) 그럼에도 말씀에 계시된 일들을 구원에 이르도록 이해하기 위해서는 성령 하나님의 내적 조명이 필요함을 인정한다.2) 그리고 하나님을 예배하는 것과 교회 정치에 관해서는, 사람의 활동이나 사회 공동체들과 공통되는 상황들이 일부 있는데, 이 상황들은 본성의 빛과 기독교적 분별에 의해서 정해야 함을 인정한다. 그런데 이것들은 항상 지켜야 하는 말씀의 일반 규범을 따라야 한다.3)","1) 딤후 3:15~17; 갈 1:8~9; 살후 2:2. 2) 요 6:45; 고전 2:9~12. 3) 고전 11:13~14; 14:26, 40."
웨스트민스터 신앙고백서,웨스트민스터 총회,,영음사,1,성경,7,"성경에 있는 모든 내용은 그 자체로 똑같이 명백한 것은 아니며, 또한 모든 사람에게 똑같이 분명한 것도 아니다.1) 그렇지만 구원받기 위하여 알고 믿고 지켜야 할 필요가 있는 것들은, 학식이 있는 사람뿐만 아니라 그렇지 않은 사람도 보통의 수단을 적절히 사용하면 충분히 이해할 정도로, 성경 곳곳에 분명하게 제시되어 있고 밝혀져 있다.2)","1) 벧후 3:16. 2) 시 119:105, 130."
웨스트민스터 신앙고백서,웨스트민스터 총회,,영음사,1,성경,8,"(하나님의 옛 백성의 모국어인) 히브리어로 기록된 구약성경과 (신약성경이 기록되던 당시 여러 나라에 가장 일반적으로 알려진) 그리스어로 기록된 신약성경은, 하나님에 의해 직접 영감된 것이며, 하나님의 유례없는 보호와 섭리에 의해 모든 시대에 걸쳐 순수하게 보전되었으므로 본래 내용 그대로다.1) 그러므로 신앙과 관련한 모든 논쟁에 있어서 교회는 궁극적으로 원어 성경에 호소해야 한다.2) 그러나 성경에 대한 권리와 관심을 가지고, 하나님을 경외하는 가운데 성경을 읽고 연구하도록 명령을 받은 하나님의 백성 모두가 원어를 알지는 못하기 때문에,3) 성경이 전수된 각 나라의 통상적인 언어로 번역되어야만 하며,4) 그리하여 하나님의 말씀이 모든 사람 안에 풍성히 거하여, 이들이 하나님을 합당한 방식으로 예배하며,5) 성경이 주는 인내와 위로를 통하여 소망을 가질 수 있도록 하여야 한다.6)","1) 마 5:18. 2) 사 8:20; 행 15:15; 요 5:39, 46. 3) 요 5:39. 4) 고전 14:6, 9, 11~12, 24, 27~28. 5) 골 3:16. 6) 롬 15:4."
웨스트민스터 신앙고백서,웨스트민스터 총회,,영음사,1,성경,9,"성경 해석의 무오한 규칙은 성경 자체이다. 그러므로 어떤 성경이든지 참되며 완전한 의미에 대해 의문이 있을 때는 (그 의미는 여러 가지가 아니라 단지 하나뿐인데), 더 분명하게 말씀하고 있는 다른 곳들을 연구하여 알아낼 수 있다.1)",1) 벧후 1:20~21; 행 15:15~16.
웨스트민스터 신앙고백서,웨스트민스터 총회,,영음사,1,성경,10,"신앙과 관련한 모든 논쟁은 최고의 재판관에 의하여 결정되어야 하며, 또 교회 회의들의 모든 결정, 고대 저자들의 견해, 사람들의 가르침, 사사로운 사상은 최고의 재판관에 의해 검토되어야 한다. 우리가 따라야 할 판단을 내리시는 그 최고의 재판관은 성경에서 말씀하시는 성령 하나님 이외에 다른 어떤 것일 수 없다.1)","1) 마 22:29, 31; 엡 2:20; 행 28:25."
웨스트민스터 신앙고백서,웨스트민스터 총회,,영음사,2,거룩하신 삼위일체 하나님,1,"오직 한 분뿐이시며1) 살아계시고 참되신 하나님이 계신다.2) 하나 님께서는 존재와 완전함에 있어 무한하시고,3) 지극히 순수한 영이시며,4) 눈 에 보이지 않으시고,5) 몸도 부분들도6) (우리와 같은) 성정(性情, passions)도7) 없으시며, 불변하시고,8) 광대하시며,9) 영원하시고,10) 불가해하시며,11) 전능 하시고,12) 지극히 지혜로우시며,13) 지극히 거룩하시고,14) 지극히 자유로우 시며,15) 지극히 절대적이시다.16) 그분 자신의 변치 않으며 지극히 의로운 의 지의 경륜에 따라17) 모든 일을 자신의 영광을 위하여 행하신다.18) 지극히 사 랑하시고,19) 은혜로우시며, 긍휼이 많으시고, 오래 참으시며, 선과 진실함이 풍성하시고, 불의와 범죄와 죄를 용서하신다.20) 그리고 그분 자신을 부지런 히 찾는 자에게 상을 주신다.21) 그러면서도 그분의 심판에 있어서 지극히 공 의로우시며 지극히 무서우시다.22) 모든 죄를 미워하시며23) 죄를 범한 자를 결단코 면죄하지 않으신다.24)","1) 신 6:4; 고전 8:4, 6. 2) 살전 1:9; 렘 10:10. 3) 욥 11:7~9; 욥 26:14. 4) 요 4:24. 5) 딤전 1:17. 6) 신 4:15~16; 요 4:24 눅 24:39. 7) 행 14:11, 15. 8) 약 1:17; 말 3:6. 9) 왕상 8:27; 렘 23:23~24. 10) 시 90:2; 딤전 1:17. 11) 시 145:3. 12) 창 17:1; 계 4:8. 13) 롬 16:27. 14) 사 6:3; 계 4:8. 15) 시 115:3. 16) 출 3:14. 17) 엡 1:11. 18) 잠 16:4; 롬 11:36. 19) 요일 4:8, 16. 20) 출 34:6, 7. 21) 히 11:6. 22) 느 9:32~33. 23) 시 5:5~6. 24) 나 1:2~3; 출 34:7."
웨스트민스터 신앙고백서,웨스트민스터 총회,,영음사,2,거룩하신 삼위일체 하나님,2,"하나님께서는 그분 스스로 자신 안에 모든 생명과1) 영광과2) 선과 3) 복을4) 가지고 계신다. 하나님께서는 또한 그분만으로 스스로 완전히 충분하시며, 그분이 만드신 그 어떤 피조물도 필요하지 않으시고,5) 어떤 영광도 이것들에게서 얻지 않으시며,6) 오히려 자신의 영광을 이것들 안에, 이것들로써, 이것들에, 이것들 위에 나타내실 뿐이다. 하나님께서는 모든 존재의 유일한 근원이시며, 만물이 그에게서 나오고, 그로 말미암으며, 그에게로 돌아간다.7) 그리고 하나님께서는 기뻐하시는 것은 무엇이든지 만물에 의하여, 만물을 위하여, 만물에 행하실 최고의 주권적인 권세를 만물에 대하여 가지고 계신다.8) 하나님의 눈앞에 만물은 드러나 있으며 명백하다.9) 하나님의 지식은 무한하며, 오류가 없고, 피조물에게 의존하지 않는다.10) 그리하여 하나님께는 어떤 것도 우연하거나 불확실하지 않다.11) 하나님께서는 자신의 모든 계획과 모든 일과 모든 명령에 있어서 지극히 거룩하시다.12) 천사들과 사람들과 다른 모든 피조물에게 요구하기를 기뻐하시는 어떤 예배와 섬김과 복종이라도 이 모든 것을 하나님께서 받으시기에 합당하시다.13)","1) 요 5:26. 2) 행 7:2. 3) 시 119:68. 4) 딤전 6:15; 롬 9:5. 5) 행 17:24, 25. 6) 욥 22:2~3. 7) 롬 11:36. 8) 계 4:11; 딤전 6:15; 단 4:25, 35. 9) 히 4:13. 10) 롬 11:33~34; 시 147:5. 11) 행 15:18; 겔 11:5. 12) 시 145:17; 롬 7:12. 13) 계 5:12~14."
웨스트민스터 신앙고백서,웨스트민스터 총회,,영음사,2,거룩하신 삼위일체 하나님,3,"하나님의 단일성 안에, 본질과 능력과 영원성이 하나인 세 위격이 계시니, 성부 하나님, 성자 하나님, 성령 하나님이시다.1) 성부 하나님께서는 누구에게서 비롯되지 않으시니, 누구에게서 나셨거나 나오시는 분이 아니시 다. 성자 하나님께서는 성부 하나님에게서 영원히 나셨으며,2) 성령 하나님 께서는 성부 하나님과 성자 하나님에게서 영원히 나오신다.3)","1) 마 3:16~17; 28:19; 고후 13:13. 2) 요 1:14, 18. 3) 요 15:26; 갈 4:6."
웨스트민스터 신앙고백서,웨스트민스터 총회,,영음사,3,하나님의 영원한 작정,1,"하나님께서 영원부터, 자신의 의지의 지극히 지혜로우며 거룩한 경 륜에 의하여, 일어나게 될 어떤 일이든지 자유롭게 그리고 변치 않게 작정하 셨다.1) 그로 인하여 하나님께서 죄의 조성자가 되시거나2) 피조물의 의지를 침해하시는 것도 아니다. 또한 제2원인들의 자유나 우발성(contingency)이 제거되는 것이 아니라, 오히려 확립된다.3)","1) 엡 1:11; 롬 11:33; 히 6:17; 롬 9:15, 18. 2) 약 1:13, 17; 요일 1:5. 3) 행 2:23; 마 17:12; 행 4:27~28; 요 19:11; 잠 16:33."
웨스트민스터 신앙고백서,웨스트민스터 총회,,영음사,3,하나님의 영원한 작정,2,"하나님께서는 예상되는 모든 조건 아래 일어나거나 일어날 수 있는 모든 일을 무엇이든지 아신다.1) 그럼에도 하나님께서 어떤 일을 작정하신 것은 그 일을 미래 일로 보셨거나, 또는 그런 조건 아래 일어날 일로 미리 보 셨기 때문이 아니다.2)","1) 행 15:18; 삼상 23:11~12; 마 11:21, 23. 2) 롬 9:11, 13, 16, 18."
웨스트민스터 신앙고백서,웨스트민스터 총회,,영음사,3,하나님의 영원한 작정,3,"자신의 영광을 나타내기 위한 하나님의 작정에 의하여 어떤 사람들과 천사들은1) 영원한 생명을 얻도록 예정되었으며, 다른 이들은 영원한 죽음에 이르도록 미리 정해졌다.2)",1) 딤전 5:21; 마 25:41. 2) 롬 9:22~23; 엡 1:5~6; 잠 16:4.
웨스트민스터 신앙고백서,웨스트민스터 총회,,영음사,3,하나님의 영원한 작정,4,그렇게 예정되고 미리 정해진 이 천사들과 사람들은 개별적으로 그리고 변할 수 없게 지명되어 있다. 이들의 수효는 확실하며 확정적이어서 늘어나거나 줄어들 수 없다.1),1) 딤후 2:19; 요 13:18.
웨스트민스터 신앙고백서,웨스트민스터 총회,,영음사,3,하나님의 영원한 작정,5,"하나님께서, 인류 가운데 생명을 얻도록 예정된 사람들을 선택하시되, 세상의 기초가 놓이기 전에, 자신의 영원하며 변치 않는 목적 및 자신의 의지의 비밀한 경륜과 선한 기쁨을 따라서, 단지 값없이 주시는 은혜와 사랑만으로 영원한 영광에 이르도록 그리스도 안에서 선택하셨다.1) 이는 믿음이나 선행과 이것들 안에서의 견인, 또는 피조물 안에 있는 다른 어떤 것을 조건이나 원인으로 미리 보시어 그렇게 행하신 것이 아니다.2) 그리고 이 모든 것이 자신의 영광스러운 은혜를 찬송하는 것이 되도록 하셨다.3)","1) 엡 1:4, 9, 11; 롬 8:30; 딤후 1:9; 살전 5:9. 2) 롬 9:11, 13, 16; 엡 1:4, 9. 3) 엡 1:6, 12."
웨스트민스터 신앙고백서,웨스트민스터 총회,,영음사,3,하나님의 영원한 작정,6,"하나님께서 선택하신 사람들을 영광에 이르도록 결정하셨듯이, 자신의 의지의 영원하며 지극히 자유로운 목적에 의해 영광에 이르게 하는 모든 방편을 미리 정하셨다.1) 그런 까닭에, 선택된 사람들은, 아담 안에서 타락한 이후, 그리스도에 의해 구속을 받고,2) 적절한 때에 역사하시는 그분의 성령에 의하여 그리스도를 믿는 믿음에 이르도록 효과 있게 부르심을 받고, 의롭다 하심을 받으며, 양자가 되고, 거룩하게 되며,3) 그분의 능력에 의해 믿음으로 말미암아 구원에 이르도록 보호를 받는다.4) 선택된 사람들 이외에 누구도 그리스도에 의하여 구속을 받거나, 효과 있게 부르심을 받거나, 의롭다 하심을 받거나, 양자가 되거나, 거룩하게 되거나, 구원받지 못한다.5)",1) 벧전 1:2; 엡 1:4~5; 2:10; 살후 2:13. 2) 살전 5:9~10; 딛 2:14. 3) 롬 8:30; 엡 1:5; 살후 2:13. 4) 벧전 1:5. 5) 요 17:9; 롬 8:28~39; 요 6:64~65; 10:26; 8:47; 요일 2:19.
웨스트민스터 신앙고백서,웨스트민스터 총회,,영음사,3,하나님의 영원한 작정,7,"인류 가운데 나머지 사람들에 대해서는, 하나님께서 기뻐하시는 대로 긍휼을 베풀거나 거두기도 하시는 그분 자신의 의지의 측량할 길 없는 경륜에 따라서, 피조물에 대한 자신의 주권적 권세의 영광을 위하여, 이들을 간과하시고 자신들의 죄로 인한 수치와 진노를 받도록 정하기를 기뻐하셨다. 그리하여 그분의 영광스러운 공의가 찬미 되게 하셨다.1)","1) 마 11:25~26; 롬 9:17~18, 21~22; 딤후 2:19~20; 유 1:4; 벧전 2:8."
웨스트민스터 신앙고백서,웨스트민스터 총회,,영음사,3,하나님의 영원한 작정,8,"예정이라는 이 심오한 신비에 관한 교리는 특별히 신중하고 주의 깊게 다루어야 한다.1) 그리하여 하나님의 말씀에 계시된 그분의 뜻에 집중하며 이것에 순종하는 사람들이, 효과 있는 부르심의 확실성에서, 자신들의 영원한 선택을 확신하도록 해야 한다.2) 이렇게 함으로써 이 교리는, 복음을 진실하게 복종하는 모든 사람에게, 하나님을 찬양하고 경외하며 경배할 근거와3) 겸비와 근면과 풍성한 위로의 근거를 제공할 것이다.4)","1) 롬 9:20; 11:33; 신 29:29. 2) 벧후 1:10. 3) 엡 1:6; 롬 11:33. 4) 롬 11:5~6, 20; 벧후 1:10; 롬 8:33; 눅 10:20."
웨스트민스터 신앙고백서,웨스트민스터 총회,,영음사,4,창조,1,"성부, 성자, 성령 하나님께서1) 자신의 영원한 능력과 지혜와 선하심 의 영광을 나타내시기 위하여,2) 태초에 세계와 그 안에 있는 보이는 것과 보 이지 않는 모든 것을 6일 동안에 무(無)에서 창조하시고 만드시기를 기뻐하 셨다. 그리고 이 모든 것이 심히 좋았다.3)",1) 히 1:2; 요 1:2~3; 창 1:2; 욥 26:13; 33:4. 2) 롬 1:20; 렘 10:12; 시 104:24; 33:5~6. 3) 창 1장; 히 11:3; 골 1:16; 행 17:24.
웨스트민스터 신앙고백서,웨스트민스터 총회,,영음사,4,창조,2,"다른 모든 피조물을 만드신 후에, 하나님께서 이성적이며 불멸하는 영혼을 가진 사람,1) 곧 남자와 여자를2) 창조하셨다. 그리고 이들에게 자신의 형상을 따라 지식과 의와 참된 거룩함을 부여하셨고,3) 이들의 마음에 하나 님의 법을 기록하셨으며,4) 이것을 성취할 능력을 부여하셨다.5) 그러나 범죄 할 가능성이 있는 가운데, 이들은 변할 수 있는 자신들의 의지의 자유에 따 라 행하도록 허락되었다.6) 이들은 자신들의 마음에 기록된 율법 외에도 선 과 악을 알게 하는 나무의 열매를 먹지 말라는 명령을 받았다.7) 이것을 지키 는 한, 이들은 하나님과의 교제 안에서 행복했으며 피조물에 대한 통치권을 가졌다.8)","1) 창 2:7; 전 12:7; 눅 23:43; 마 10:28. 2) 창 1:27. 3) 창 1:26; 골 3:10; 엡 4:24. 4) 롬 2:14~15. 5) 전 7:29. 6) 창 3:6; 전 7:29. 7) 창 2:17; 3:8~11, 23. 8) 창 1:26, 28."
웨스트민스터 신앙고백서,웨스트민스터 총회,,영음사,5,섭리,1,"만물의 위대한 창조자이신 하나님께서 자신의 지극히 지혜롭고 거룩 한 섭리에 의하여,1) 자신의 무오한 예지와2) 자신의 의지의 자유롭고 불변하 는 경륜에 따라서,3) 가장 큰 것으로부터 가장 작은 것에 이르기까지,4) 모든 피조물과 행동과 사물을 붙드시고,5) 지도하시고, 배정하시고, 통치하시며,6) 자신의 지혜와 능력과 공의와 선과 긍휼의 영광을 찬송하도록 하신다.7)","1) 잠 15:3; 시 104:24; 145:17. 2) 행 15:18; 시 94:8~11. 3) 엡 1:11; 시 33:10~11. 4) 마 10:29~31. 5) 히 1:3. 6) 단 4:34~35; 시 135:6; 행 17:25~26, 28; 욥 38~41장. 7) 사 63:14; 엡 3:10; 롬 9:17; 창 45:7; 시 145:7."
웨스트민스터 신앙고백서,웨스트민스터 총회,,영음사,5,섭리,2,"제1원인이신 하나님의 예지와 작정과 관련하여 볼 때, 모든 일은 변함 없이 그리고 틀림없이 일어난다.1) 그럼에도 바로 그 섭리에 의하여 하나님 께서 모든 일이 제2원인들의 성질에 따라 필연적으로, 자유롭게, 또는 우발 적으로(contingently) 일어나도록 하신다.2)","1) 행 2:23. 2) 창 8:22; 렘 31:35; 출 21:13; 신 19:5; 왕상 22:28, 34; 사 10:6~7."
웨스트민스터 신앙고백서,웨스트민스터 총회,,영음사,5,섭리,3,"하나님께서 통상적인 섭리에서는 방편들을 사용하시지만,1) 그럼에도 그분이 기뻐하시는 대로, 방편 없이,2) 방편을 초월하여,3) 그리고 방편을 거 슬러서 행하기에 자유로우시다.4)","1) 행 27:31, 44; 사 55:10~11; 호 2:21~22. 2) 호 1:7; 마 4:4; 욥 34:10. 3) 롬 4:19~21. 4) 왕하 6:6; 단 3:27."
웨스트민스터 신앙고백서,웨스트민스터 총회,,영음사,5,섭리,4,"하나님의 전능하신 능력, 측량할 수 없는 지혜, 그리고 무한한 선하심 은 그분의 섭리에서 아주 명백하게 드러나서, 이 섭리는 심지어 첫 번째 타 락에까지, 그리고 천사들과 사람들의 다른 모든 죄에까지 이른다.1) 그런데 이것은 단순한 허용에 의한 것이 아니라,2) 허용과 함께, 그분의 거룩한 목적 에 일치하도록, 여러 가지 경륜으로,3) 그 죄들을 지극히 지혜롭고 강력하게 제한하시거나,4) 아니면 이것들을 질서 있게 정하시고 통치하시는 방식에 의 한 것이다. 그러나 그 죄들의 죄악성은 오직 피조물에게서 나온 것이며, 하 나님에게서 비롯된 것이 아니다. 하나님께서는 지극히 거룩하시며 지극히 의로우신 분이시므로 죄의 조성자나 승인자가 아니시며, 그러한 분이실 수 도 없다.5)","1) 롬 11:32~34; 삼하 24:1; 대상 21:1; 왕상 22:22~23; 대상 10:4, 13~14; 삼하 16:10; 행 2:23; 4:27~28. 2) 행 14:16. 3) 창 50:20; 사 10:6~7, 12. 4) 시 76:10; 왕하 19:28. 5) 약 1:13~14, 17; 요일 2:16; 시 50:21."
웨스트민스터 신앙고백서,웨스트민스터 총회,,영음사,5,섭리,5,"지극히 지혜로우시고, 의로우시고, 은혜로우신 하나님께서 종종 그분 자신의 자녀들을 다양한 유혹과 마음의 부패에 얼마 동안 그대로 두신다. 이것은 이전에 범한 죄 때문에 이들을 징계하시기 위한 것이거나, 이들의 마음의 부패와 거짓됨의 숨은 힘을 이들이 발견하도록 하시어 이들이 겸비해지도록 하기 위함이다.1) 그리고 이들이 도움을 바라며 하나님을 더욱 가까이, 그리고 끊임없이 의지하도록 이들을 자라게 하시기 위함이다. 또한 이들로 하여금 죄를 범할 수 있는 모든 장래의 기회에 대비하여 더욱 경계하고, 여러 가지 다른 의롭고도 거룩한 목적에 대하여 더욱 유의하도록 하시기 위함이다.2)","1) 대하 32:25~26, 31; 삼하 24:1. 2) 고후 12:7~9; 시 73편; 77:1, 10, 12; 막 14:66~72; 요 21:15~17."
웨스트민스터 신앙고백서,웨스트민스터 총회,,영음사,5,섭리,6,"사악하고 불경건한 사람들의 경우에, 의로운 재판장이신 하나님께서 이들이 이전에 범한 죄로 인하여 눈멀게 하시고 완악하게 하신다.1) 하나님께서 은혜를 주셨다면, 이들의 이해가 밝아지며 이들의 마음이 영향을 받았을 것이나, 그런 은혜를 이들에게 베풀지 않으실 뿐만 아니라,2) 때로는 이들이 소유한 은사를 철회하기도 하신다.3) 그리고 이들의 부패로 인하여 죄의 기회로 삼는 것들에 이들을 노출시키신다.4) 아울러 이들 자신의 정욕과 세상의 유혹과 마귀의 권세에 이들을 넘기신다.5) 이로써 심지어 하나님께서 다른 사람들을 부드럽게 하시기 위하여 사용하시는 방편들 아래에서도, 이들 스스로 완악하게 하는 일이 일어난다.6)","1) 롬 1:24, 26, 28; 11:7~8. 2) 신 29:4. 3) 마 13:12; 25:29. 4) 신 2:30; 왕하 8:12~13. 5) 시 81:11~12; 살후 2:10~12. 6) 출 7:3; 8:15, 32; 고후 2:15~16; 사 8:14; 벧전 2:7~8; 사 6:9~10; 행 28:26~27."
웨스트민스터 신앙고백서,웨스트민스터 총회,,영음사,5,섭리,7,"하나님의 섭리가 일반적으로 모든 피조물에 미치고 있는 것처럼, 아주 특별한 방식으로 그분의 교회를 돌보며 교회에 유익이 되도록 모든 일을 질서 있게 정하신다.1)","1) 딤전 4:10; 암 9:8~9; 롬 8:28; 사 43:3~5, 14."
웨스트민스터 신앙고백서,웨스트민스터 총회,,영음사,6,"사람의 타락, 죄, 그리고 형벌",1,"우리의 첫 조상들은 사탄의 간계와 유혹에 미혹되어, 금지된 열매를 먹음으로 범죄하였다.1) 이들이 범한 이 죄를 하나님께서 자신의 지혜롭고 거룩한 경륜에 따라서 허용하기를 기뻐하셨으며, 그분 자신의 영광이 되도 록 의도하셨다.2)",1) 창 3:13; 고후 11:3. 2) 롬 11:32.
웨스트민스터 신앙고백서,웨스트민스터 총회,,영음사,6,"사람의 타락, 죄, 그리고 형벌",2,"이 죄로 말미암아 이들은 원의(原義, original righteousness)와 하나님 과의 교제에서 떨어졌으며,1) 그리하여 죄 가운데 죽은 자가 되었고,2) 영혼과 몸의 모든 기능과 부분이 완전히 오염되었다.3)",1) 창 3:6~8; 전 7:29; 롬 3:23. 2) 창 2:17; 엡 2:1. 3) 딛 1:15; 창 6:5; 렘 17:9; 롬 3:10~18.
웨스트민스터 신앙고백서,웨스트민스터 총회,,영음사,6,"사람의 타락, 죄, 그리고 형벌",3,"이들은 모든 인류의 뿌리였기 때문에, 통상적인 출생에 의하여 이들 에게서 태어난 모든 후손에게 이 죄의 죄책이 전가되었으며,1) 죄 가운데 죽 은 바로 그 죽음과 부패한 본성이 전달되었다.2)","1) 창 1:27~28; 2:16~17; 행 17:26; 롬 5:12, 15~19; 고전 15:21~22, 45. 2) 시 51:5; 창 5:3; 욥 14:4; 15:14."
웨스트민스터 신앙고백서,웨스트민스터 총회,,영음사,6,"사람의 타락, 죄, 그리고 형벌",4,"이러한 원초적 부패로 인하여, 우리는 모든 선을 전적으로 꺼리고, 이 것에 무능력하며, 이것을 대적하고,1) 모든 악을 향해 전적으로 치우치게 되 었으며,2) 이 원초적 부패로부터 모든 자범죄가 나온다.3)",1) 롬 5:6; 8:7; 7:18; 골 1:21. 2) 창 6:5; 8:21; 롬 3:10~12. 3) 약 1:14~15; 엡 2:2~3; 마 15:19.
웨스트민스터 신앙고백서,웨스트민스터 총회,,영음사,6,"사람의 타락, 죄, 그리고 형벌",5,"이 본성의 부패는 중생한 사람에게도 생애 내내 남아 있다.1) 이 부패 가 그리스도로 말미암아 용서받았으며 죽은 것이지만, 그럼에도 이것 자체 와 이것에서 비롯되는 모든 활동은 둘 다 참으로 그리고 본질상 죄이다.2)","1) 요일 1:8, 10; 롬 7:14, 17~18, 23; 약 3:2; 잠 20:9; 전 7:20. 2) 롬 7:5, 7~8, 25; 갈 5:17."
웨스트민스터 신앙고백서,웨스트민스터 총회,,영음사,6,"사람의 타락, 죄, 그리고 형벌",6,"원죄와 자범죄는 둘 다 하나님의 의로운 율법의 위반이며 이것에 어 긋나는 것으로,1) 그 성질상 죄인에게 죄책을 초래한다.2) 이로 말미암아 죄인 은 하나님의 진노와3) 율법의 저주 아래 결박되고,4) 이로 인하여 영적이며,5) 현세적이며,6) 영원한7) 모든 비참함과 함께 죽어야 하는 처지가 되었다.8)","1) 요일 3:4. 2) 롬 2:15; 3:9, 19. 3) 엡 2:3. 4) 갈 3:10. 5) 엡 4:18. 6) 롬 8:20; 애 3:39. 7) 마 25:41; 살후 1:9. 8) 롬 6:23."
웨스트민스터 신앙고백서,웨스트민스터 총회,,영음사,7,사람과 맺으신하나님의 언약,1,"하나님과 피조물의 간격은 참으로 크기 때문에, 이성적 피조물이 창 조주이신 하나님께 복종하는 것은 마땅하다. 그럼에도 이들이 하나님의 어 떤 복과 상을 받는 것은 하나님의 자발적 낮추심으로 이루어지는 일이다. 하 나님께서 이 자발적 낮추심을 언약의 방식으로 나타내기를 기뻐하셨다.1)",1) 사 40:13~17; 욥 9:32~33; 삼상 2:25; 시 113:5~6; 100:2~3; 욥 22:2~3; 35:7~8; 눅 17:10; 행 17:24~25.
웨스트민스터 신앙고백서,웨스트민스터 총회,,영음사,7,사람과 맺으신하나님의 언약,2,"사람과 맺으신 첫 번째 언약은 행위언약이었다.1) 이 언약 안에서 완 전하며 인격적인 순종을 조건으로 하여,2) 아담에게 그리고 아담 안에 있는 그의 후손들에게3) 생명이 약속되었다.",1) 갈 3:12. 2) 창 2:17; 갈 3:10. 3) 롬 10:5; 5:12~19.
웨스트민스터 신앙고백서,웨스트민스터 총회,,영음사,7,사람과 맺으신하나님의 언약,3,"사람이 타락하여 스스로는 이 언약에 의해 생명에 이를 수 없게 되었 으므로, 주님께서 통상적으로 은혜언약이라고 불리는 두 번째 언약을 맺기 를 기뻐하셨다.1) 이 은혜언약 안에서, 주님께서 죄인들에게 예수 그리스도에 의한 생명과 구원을 값없이 제안하셨으며, 구원받기 위하여 이들에게 그 리스도를 믿을 것을 요구하셨고,2) 생명에 이르도록 작정된 모든 사람에게 그분의 성령을 주시어 이들이 믿기를 원하고 믿을 수 있게 해 주실 것을 약 속하셨다.3)","1) 갈 3:21; 롬 8:3; 3:20~21; 창 3:15; 사 42:6. 2) 막 16:15~16; 요 3:16; 롬 10:6, 9; 갈 3:11. 3) 겔 36:26~27; 요 6:44~45."
웨스트민스터 신앙고백서,웨스트민스터 총회,,영음사,7,사람과 맺으신하나님의 언약,4,"이 은혜언약은 성경에 종종 유언이라는 이름으로 진술되어 있다. 이 언약은 유언자이신 예수 그리스도의 죽음, 영원한 유산 그리고 이것과 함께 상속자에게 속한 모든 것과 관련된다.1)",1) 히 9:15~17; 7:22; 눅 22:20; 고전 11:25.
웨스트민스터 신앙고백서,웨스트민스터 총회,,영음사,7,사람과 맺으신하나님의 언약,5,"이 언약은 율법 시대와 복음 시대에1) 다르게 시행되었다. 율법 아래 에서 이것은 약속들, 예언들, 희생제사들, 할례, 유월절 어린양, 그리고 유대 백성에게 전달된 여러 모형과 규례로 시행되었으며, 이 모든 것은 오실 그리 스도를 예표하는 것이었다.2) 이것들은 선택된 자에게 약속된 메시아를 믿는 믿음을 가르치고 양육하는 일에 성령 하나님의 일하심으로 말미암아 그 시 대에는 충분하고 유효했다.3) 이 메시아로 말미암아 이들은 완전한 죄 사함 과 영원한 구원을 받았다. 이것은 구약이라고 일컬어진다.4)","1) 고후 3:6~9. 2) 히 8장~10장; 롬 4:11; 골 2:11~12; 고전 5:7. 3) 고전 10:1~4; 히 11:13; 요 8:56. 4) 갈 3:7~9, 14."
웨스트민스터 신앙고백서,웨스트민스터 총회,,영음사,7,사람과 맺으신하나님의 언약,6,"실체이신1) 그리스도께서 드러나신 때인 복음 아래에서, 이 언약이 실 행되는 규례들은 말씀 설교와 성례 곧 세례와 성찬의 시행이다.2) 이 규례들이  비록 수가 더 적고, 더 간소하며, 외적인 화려함은 덜하지만, 그럼에도 이것들 안에서 이 언약은 더 충만하고, 더 명백하며, 영적으로 더욱 효력 있게3) 모든 민족 곧 유대인과 이방인에게4) 제시된다. 이것은 신약이라고 일컬어진다.5) 따라서 실체가 다른 두 은혜언약이 있지 않으며, 다양한 경륜 아래 동일한 하나의 언약이 있을 뿐이다.6)","1) 골 2:17. 2) 마 28:19~20; 고전 11:23~25. 3) 히 12:22~27; 렘 31:33~34. 4) 마 28:19; 엡 2:15~19. 5) 눅 22:20. 6) 갈 3:14, 16; 행 15:11; 롬 3:21, 22~23, 30; 시 32:1; 롬 4:3, 6, 16~17, 23~24; 히 13:8."
웨스트민스터 신앙고백서,웨스트민스터 총회,,영음사,8,중보자 그리스도,1,"하나님께서 그분 자신의 영원한 목적 안에서 자신의 독생자이신 주 예수님을, 하나님과 사람 사이의 중보자,1) 선지자,2) 제사장,3) 그리고 왕으 로,4) 또 교회의 머리와 구주,5) 만유의 상속자,6) 그리고 세상의 심판자로7) 선 택하고 정하기를 기뻐하셨다. 그리고 영원부터 하나님께서 그분에게 한 백 성을 주셔서 그분의 후손이 되게 하셨으며,8) 정한 때에 그분으로 말미암아 이들이 구속하심과 부르심과 의롭다 하심과 거룩하게 하심과 영화롭게 하심 을 받게 하셨다.9)",1) 사 42:1; 벧전 1:19~20; 요 3:16; 딤전 2:5. 2) 행 3:22. 3) 히 5:5~6. 4) 시 2:6; 눅 1:33. 5) 엡 5:23. 6) 히 1:2. 7) 행 17:31. 8) 요 17:6; 시 22:30; 사 53:10. 9) 딤전 2:6; 사 55:4~5; 고전 1:30.
웨스트민스터 신앙고백서,웨스트민스터 총회,,영음사,8,중보자 그리스도,2,"삼위일체 하나님의 제2위격이시며, 참되고 영원하신 하나님이시고, 아버지 하나님과 한 본질이시며 동등하신 하나님의 아들께서, 때가 차매, 사람의 본성을,1) 이것에 속한 모든 본질적인 속성과 일반적인 연약성과 함께 취하셨다. 그럼에도 죄는 없으시다.2) 그분은 성령 하나님의 능력으로 동정녀 마리아의 태에 그녀의 체질로부터 잉태되셨다.3) 그 결과 온전하고 완전하며 구별되는 두 본성, 곧 신성과 인성이 변화 없이, 혼합 없이, 혼동 없이, 한 인격 안에 분리될 수 없게 연합되었다.4) 그 인격은 참 하나님이시며 참 사람이시다. 그러나 한 분 그리스도이시며 하나님과 사람 사이의 유일한 중보자이시다.5)","1) 요 1:1, 14; 요일 5:20; 빌 2:6; 갈 4:4. 2) 히 2:14, 16~17; 4:15. 3) 눅 1:27, 31, 35; 갈 4:4. 4) 눅 1:35; 골 2:9; 롬 9:5; 벧전 3:18; 딤전 3:16. 5) 롬 1:3~4; 딤전 2:5."
웨스트민스터 신앙고백서,웨스트민스터 총회,,영음사,8,중보자 그리스도,3,"주 예수님께서 이같이 신성과 연합된 그분의 인성 안에서 거룩해지셨으며 성령 하나님의 기름 부음을 한량없이 받으셨다.1) 자신 안에 지혜와 지식의 모든 보화를2) 가지고 계신 그분 안에 모든 충만함이 거하는 것을3) 성부 하나님께서 기뻐하셨다. 그 충만함은 거룩하고 무죄하며 순결하고 은혜와 진리로 충만하여,4) 중보자와 보증인의 직분을5) 수행하기에 완전히 준비되기 위함이었다. 그분은 이 직분을 스스로 취하지 않으셨고, 성부 하나님에 의해 이 직분에 부르심을 받으셨다.6) 성부 하나님께서는 모든 권능과 심판을 그분의 손에 맡기시고, 이것을 수행하도록 명령하셨다.7)","1) 시 45:7; 요 3:34. 2) 골 2:3. 3) 골 1:19. 4) 히 7:26; 요 1:14. 5) 행 10:38; 히 12:24; 7:22. 6) 히 5:4~5. 7) 요 5:22, 27; 마 28:18; 행 2:36."
웨스트민스터 신앙고백서,웨스트민스터 총회,,영음사,8,중보자 그리스도,4,"주 예수님께서 이 직분을 아주 기꺼이 취하셨다.1) 이 직분을 수행하시기 위하여, 주님은 율법 아래 나셨으며,2) 율법을 완전하게 성취하셨고,3) 영혼에 직접적으로 극심한 고뇌를 당하셨으며,4) 몸에 지극히 고통스러운 고난을 받으시고,5) 십자가에 달려 죽으셨으며,6) 장사되어, 죽음의 권세 아래 머물러 계셨다. 그럼에도 전혀 썩음을 보지 않으셨다.7) 셋째 날에 주님은 죽은 자들 가운데서, 고통을 받으셨던 몸과 동일한 몸을 가지신 채로 살아나셨다.8) 또한 이 몸을 가지시고9) 하늘에 오르셨으며, 하나님 아버지 우편에 앉아10) 간구하신다.11) 그리고 세상 끝날에 사람들과 천사들을 심판하러 다시 오실 것이다.12)","1) 시 40:7~8; 히 10:5~10; 요 10:18; 빌 2:8. 2) 갈 4:4. 3) 마 3:15; 5:17. 4) 마 26:37~38; 눅 22:44; 마 27:46. 5) 마 26~27장. 6) 빌 2:8. 7) 행 2:23~24, 27; 13:37; 롬 6:9. 8) 고전 15:3~4. 9) 요 20:25, 27. 10) 막 16:19. 11) 롬 8:34; 히 9:24; 7:25. 12) 롬 14:9~10; 행 1:11; 10:42; 마 13:40~42; 유 1:6; 벧후 2:4."
웨스트민스터 신앙고백서,웨스트민스터 총회,,영음사,8,중보자 그리스도,5,"주 예수님께서 완전한 순종, 그리고 그분 자신을 드린 희생제사로 말미암아 성부 하나님의 공의를 완전히 만족시키셨다.1) 주님께서 그 희생제사를 영원하신 성령 하나님을 통해 하나님께 단번에 드리셨다. 그리고 주님께서는 성부 하나님께서 자신에게 주신 모든 사람을 위하여,2) 화목뿐만 아니라 하늘나라에 속한 영원한 유산을 값을 치르고 사셨다.","1) 롬 5:19; 히 9:14, 16; 10:14; 엡 5:2; 롬 3:25~26. 2) 단 9:24, 26; 골 1:19~20; 엡 1:11, 14; 요 17:2; 히 9:12, 15."
웨스트민스터 신앙고백서,웨스트민스터 총회,,영음사,8,중보자 그리스도,6,"성육신 이전에는, 구속사역이 그리스도에 의하여 실제로 실행되지는 않았지만, 그럼에도 구속사역의 능력과 효력과 은택은 창세로부터 계속해서 모든 시대에 걸쳐서, 약속들과 모형들과 희생제사들 안에서 또 이것들에 의해서, 선택된 자들에게 전달되었다. 그리스도께서 어제나 오늘이나 영원토록 동일하시기 때문에, 이런 것들 안에서 뱀의 머리를 상하게 하실 여인의 후손 그리고 창세로부터 죽임당한 어린 양으로 계시되시고 예표되셨다.1)",1) 갈 4:4~5; 창 3:15; 계 13:8; 히 13:8.
웨스트민스터 신앙고백서,웨스트민스터 총회,,영음사,8,중보자 그리스도,7,"그리스도께서 중보사역을 두 본성을 따라 행하시는데, 각 본성에 고유한 것을 그 본성에 따라 행하신다.1) 그럼에도 인격의 단일성으로 인하여, 때때로 성경에서는 어느 한 본성에 고유한 것이 다른 본성에 의하여 이름 지어진 인격에게 돌려지기도 한다.2)",1) 히 9:14; 벧전 3:18. 2) 행 20:28; 요 3:13; 요일 3:16.
웨스트민스터 신앙고백서,웨스트민스터 총회,,영음사,8,중보자 그리스도,8,"그리스도께서 값을 치르고 구속을 획득해 주신 이들 모두에게 바로 그 구속을 확실하게 그리고 효과 있게 적용하시고 나누어 주신다.1) 즉, 이들을 위하여 간구하시고,2) 이들에게 말씀 안에서 그리고 말씀으로 구원의 비밀들을 계시하시며,3) 자신의 성령으로 이들을 효과 있게 설득하여 믿고 순종하게 하시고, 자신의 말씀과 성령으로 이들의 마음을 다스리시며,4) 자신의 전능하신 능력과 지혜로 그리고 자신의 놀랍고도 측량할 길이 없는 경륜에  가장 일치하는 방법과 수단으로 이들의 모든 대적을 정복하신다.5)","1) 요 6:37, 39; 10:15~16. 2) 요일 2:1~2; 롬 8:34. 3) 요 15:13, 15; 엡 1:7~9; 17:6. 4) 요 14:16; 히 12:2; 고후 4:13; 롬 8:9, 14; 15:18~19; 요 17:17. 5) 시 110:1; 고전 15:25~26; 말 4:2~3; 골 2:15."
웨스트민스터 신앙고백서,웨스트민스터 총회,,영음사,9,자유의지,1,하나님께서 사람의 의지에 본성의 자유를 부여하셨다. 이 본성의 자 유는 강요받지 않으며 또한 본성의 어떤 절대적인 필연성 때문에 선이나 악 을 행하도록 결정되어 있지도 않다.1),1) 마 17:12; 약 1:14; 신 30:19.
웨스트민스터 신앙고백서,웨스트민스터 총회,,영음사,9,자유의지,2,"무죄 상태에서 사람은 하나님 보시기에 선하고 기쁨이 되는 것을 원 하고 행할 자유와 능력을 가지고 있었다.1) 그럼에도 이것은 가변적이어서, 사람이 타락할 수도 있었다.2)",1) 전 7:29; 창 1:26. 2) 창 2:16~17; 3:6.
웨스트민스터 신앙고백서,웨스트민스터 총회,,영음사,9,자유의지,3,"사람은 타락하여 죄의 상태에 빠짐으로 구원과 관련된 영적 선을 행 할 모든 의지력을 완전히 잃어버렸다.1) 그러므로 자연인은 이러한 선을 전 적으로 싫어하고2) 죄 가운데 죽은 상태여서,3) 자신의 힘으로 회심하거나 또 는 회심에 이르도록 스스로 준비할 수 없다.4)","1) 롬 5:6; 8:7; 요 15:5. 2) 롬 3:10, 12. 3) 엡 2:1, 5; 골 2:13. 4) 요 6:44~65; 엡 2:2~5; 고전 2:14; 딛 3:3~5."
웨스트민스터 신앙고백서,웨스트민스터 총회,,영음사,9,자유의지,4,"하나님께서 죄인을 회심케 하셔서 은혜의 상태로 옮기실 때, 죄 아래 있는 본성의 속박에서 죄인을 자유롭게 하시며,1) 오직 은혜에 의하여 영적으 로 선한 것을 자유롭게 원하고 행할 수 있게 하신다.2) 그럼에도 그는 자신에 게 남아 있는 부패성 때문에 선한 것을 온전히 원하지는 않는다. 곧 선한 것 을 원하면서도, 또한 악한 것을 원한다.3)","1) 골 1:13; 요 8:34, 36. 2) 빌 2:13; 롬 6:18, 22. 3) 갈 5:17; 롬 7:15, 18~19, 21, 23."
웨스트민스터 신앙고백서,웨스트민스터 총회,,영음사,9,자유의지,5,"사람의 의지는, 오직 영광의 상태에서만, 완전히 그리고 변함없이 자 유롭게 오로지 선으로만 향하게 된다.1)",1) 엡 4:13; 히 12:23; 요일 3:2; 유 1:24.
웨스트민스터 신앙고백서,웨스트민스터 총회,,영음사,10,효과 있는 부르심,1,"하나님께서 생명에 이르도록 예정하신 모든 사람, 오직 이들만을, 자 신이 정하고 만족하시는 때에, 자신의 말씀과 성령으로,1) 이들이 본성상 처 해 있는 죄와 죽음의 상태로부터 예수 그리스도로 말미암는 은혜와 구원에 이르도록2) 효과 있게 부르시기를3) 기뻐하신다. 즉, 하나님의 일들을 영적으 로 또 구원과 관련하여 깨닫도록 지성에 빛을 비추시고,4) 돌 같은 마음을 제 거하시며 살처럼 부드러운 마음을 주시고,5) 의지를 새롭게 하시며, 자신의 전능한 능력으로 이들이 선한 것을 향하도록 정하시고,6) 이들을 예수 그리 스도에게로 효과 있게 이끄신다.7) 그럼에도 이들은 하나님의 은혜로 말미암 아 자원하게 되어 지극히 자유롭게 나아온다.8)","1) 살후 2:13~14; 고후 3:3, 6. 2) 롬 8:2; 엡 2:1~5; 딤후 1:9~10. 3) 롬 8:30; 11:7; 엡 1:10~11. 4) 행 26:18; 고전 2:10, 12; 엡 1:17~18. 5) 겔 36:26. 6) 겔 11:19; 빌 2:13; 신 30:6; 겔 36:27. 7) 엡 1:19; 요 6:44~45. 8) 아 1:4; 시 110:3; 요 6:37; 롬 6:16~18."
웨스트민스터 신앙고백서,웨스트민스터 총회,,영음사,10,효과 있는 부르심,2,"이러한 효과 있는 부르심은 하나님께서 값없이 주시는 특별한 은혜 로만 말미암으며, 결코 사람 안에서 미리 보신 그 어떤 것으로 말미암지 않 는다.1) 이 일에 있어서 사람은 전적으로 수동적이어서, 성령 하나님에 의하 여 살아나고 새롭게 된 후에야 비로소 부르심에 응답할 수 있고,2) 또한 이 부르심 안에서 제안되고 전달되는 은혜를 받아들일 수 있다.3)","1) 딤후 1:9; 딛 3:4~5; 엡 2:4~5, 8~9; 롬 9:11. 2) 고전 2:14; 롬 8:7; 엡 2:5. 3) 요 6:37; 겔 36:27; 요 5:25."
웨스트민스터 신앙고백서,웨스트민스터 총회,,영음사,10,효과 있는 부르심,3,"유아기에 죽은 선택된 유아들은, 그분이 기뻐하시는 때에, 기뻐하시 는 곳에서,1) 기뻐하시는 방식으로 일하시는 성령 하나님으로 말미암아 그리 스도에 의해 중생하고 구원받는다.2) 또한 말씀 사역에 의한 외적 부르심을 받을 능력이 없는 다른 모든 선택된 사람도 마찬가지이다.3)","1) 요 3:8. 2) 눅 18:15~16; 행 2:38~39; 요 3:3, 5; 요일 5:12; 롬 8:9. 3) 요일 5:12; 행 4:12."
웨스트민스터 신앙고백서,웨스트민스터 총회,,영음사,10,효과 있는 부르심,4,"선택받지 않은 사람들은 비록 말씀 사역에 의해 부르심을 받을 수 있 고,1) 또 성령 하나님의 여러 일반적인 활동을 누릴 수 있지만,2) 그럼에도 이 들은 결코 그리스도에게 참되게 나아오지 않으며, 그러므로 구원받을 수 없 다.3) 하물며 기독교 신앙을 고백하지 않는 사람들은, 설령 본성의 빛과 자신 들이 고백하는 종교의 법에 맞추어 살기에 더없이 부지런할지라도, 어떤 방 법으로도 구원받을 수 없다.4) 이들이 구원받을 수 있다고 주장하고 이를 고 수하는 것은 대단히 해로우며 가증스럽게 여겨져야 한다.5)",1) 마 22:14. 2) 마 7:22; 13:20~21; 히 6:4~5. 3) 요 6:64~66; 8:24. 4) 행 4:12; 요 14:6; 엡 2:12; 요 4:22; 17:3. 5) 요이 1:9~11; 고전 16:22; 갈 1:6~8.
웨스트민스터 신앙고백서,웨스트민스터 총회,,영음사,11,의롭다 하심(칭의),1,"하나님께서 효과 있게 부르시는 사람들을 또한 값없이 의롭다 하신 다.1) 이것은 이들에게 의를 주입하심으로써가 아니라, 이들의 죄를 용서하 심으로써, 그리고 이 사람들을 의로운 자로 여겨 받아주심으로써 이루어진 다. 이것은 이들 안에 이루어진 어떤 것이나 이들이 행한 어떤 것 때문이 아 니라, 오직 그리스도 때문이다. 또한 이것은 믿음 자체나 믿는 행위, 또는 어 떤 다른 복음적 순종을 이들의 의로 이들에게 전가하심으로써가 아니라, 이 들이 그리스도와 그분의 의를 믿음으로 받아들이고 의지할 때 오직 그리스 도의 순종과 속상(贖償, satisfaction)을 이들에게 전가하심으로써 이루어진 다.2) 이 믿음은 이들에게서 난 것이 아니고 하나님의 선물이다.3)","1) 롬 8:30; 3:24. 2) 롬 4:5~8; 고후 5:19, 21; 롬 3:22, 24~25, 27~28; 딛 3:5, 7; 엡 1:7; 렘 23:6; 고전 1:30~31; 롬 5:17~19. 3) 행 10:44; 갈 2:16; 빌 3:19; 행 13:38~39; 엡 2:7~8."
웨스트민스터 신앙고백서,웨스트민스터 총회,,영음사,11,의롭다 하심(칭의),2,"이런 식으로 그리스도와 그분의 의를 받아들이고 의지하는 믿음은 의롭다 하심을 받는 유일한 수단이다.1) 그렇지만 믿음은 의롭다 하심을 받 는 사람 안에 홀로 있지 않고, 다른 모든 구원하는 은혜를 항상 동반한다. 그 러므로 믿음은 죽은 믿음이 아니며, 사랑으로 역사한다.2)","1) 요 1:12; 롬 3:28; 5:1. 2) 약 2:17, 22, 26; 갈 5:6."
웨스트민스터 신앙고백서,웨스트민스터 총회,,영음사,11,의롭다 하심(칭의),3,"그리스도께서 자신의 순종과 죽음으로 이렇게 의롭다 하심을 받는 모든 사람의 빚을 완전히 청산하셨으며, 이들을 대신하여 하나님 아버지의 공의를 합당하고 참되며 완전하게 만족시키셨다.1) 그분은 아버지에 의해 이들을 위해 주어지셨으며,2) 또한 그분의 순종과 속상이 이들을 대신하여 받아들여졌는데,3) 둘 다 이들에게 있는 어떤 것 때문이 아니라 값없이 된 것인 만큼, 이들이 의롭다 하심을 받는 것은 오직 값없는 은혜로 된 것이다.4) 이렇게 하신 것은 죄인을 의롭다 하심을 통해서 하나님의 엄정한 공의와 풍성한 은혜의 영광이 나타나도록 하기 위함이다.5)","1) 롬 5:8~10, 19; 딤전 2:5~6; 히 10:10, 14; 단 9:24, 26; 사 53:4~6, 10~12. 2) 롬 8:32. 3) 고후 5:21; 마 3:17; 엡 5:2. 4) 롬 3:24; 엡 1:7. 5) 롬 3:26; 엡 2:7."
웨스트민스터 신앙고백서,웨스트민스터 총회,,영음사,11,의롭다 하심(칭의),4,"하나님께서 영원부터 모든 선택된 자를 의롭다 하시기로 작정하셨다.1) 그리고 때가 차매 그리스도께서 이들의 죄를 위하여 죽으셨으며, 이들의 의롭다 하심을 위하여 다시 살아나셨다.2) 그럼에도 정하신 때에 성령 하나님께서 그리스도를 이들에게 실제로 적용하셔야 이들은 의롭다 하심을 받는다.3)","1) 갈 3:8; 벧전 1:2, 19~20; 롬 8:30. 2) 갈 4:4; 딤전 2:6; 롬 4:25. 3) 골 1:21~22; 갈 2:16; 딛 3:4~7."
웨스트민스터 신앙고백서,웨스트민스터 총회,,영음사,11,의롭다 하심(칭의),5,"하나님께서 의롭다 하심을 받은 자들의 죄를 계속하여 용서하신다.1) 비록 이들은 의롭다 하심을 받은 상태에서 결코 떨어질 수는 없다 할지라도,2) 자신들의 죄로 인하여 하나님 아버지의 노여워하심 아래 떨어질 수 있으며, 스스로 겸비하여 죄를 고백하고 용서를 구하며 믿음과 회개를 새롭게 한 후에라야 비로소 자신들에게 회복된 하나님의 얼굴빛을 누릴 수 있다.3)","1) 마 6:12; 요일 1:7, 9; 2:1~2. 2) 눅 22:32; 요 10:28; 히 10:14. 3) 시 89:31~33; 51:7~12; 32:5; 마 26:75; 고전 11:30, 32; 눅 1:20."
웨스트민스터 신앙고백서,웨스트민스터 총회,,영음사,11,의롭다 하심(칭의),6,구약 아래에 있는 신자들의 의롭다 하심은 이 모든 점에 있어 신약 아래에 있는 신자들의 의롭다 하심과 동일하며 하나이다.1),"1) 갈 3:9, 13~14; 롬 4:22~24; 히 13:8."
웨스트민스터 신앙고백서,웨스트민스터 총회,,영음사,12,양자 삼으심,1,"하나님께서 의롭다 하심을 받은 모든 사람을, 황송하게도 자신의 독 생자 예수 그리스도 안에서 또한 그분으로 인하여, 양자의 은혜에 참여하는 자들이 되게 하신다.1) 이로 인하여 이들은 하나님의 자녀의 일원으로 받아 들여지며, 하나님의 자녀의 자유와 특권을 누린다.2) 곧 하나님의 이름을 지 니게 되고,3) 양자의 영을 받으며,4) 은혜의 보좌 앞에 담대히 나아가고,5) 아 빠 아버지라고 부르짖을 수 있게 되며,6) 긍휼히 여김을 받고,7) 보호를 받으 며,8) 필요를 공급받는다.9) 또한 아버지에게 징계받듯이 하나님께 징계받지 만,10) 그럼에도 결코 내버림 받지 않으며,11) 오히려 구속의 날까지 인침 받 고,12) 영원한 구원의 상속자로서13) 약속들을 유업으로 받는다.14)","1) 엡 1:5; 갈 4:4~5. 2) 롬 8:17; 요 1:12. 3) 렘 14:9; 고후 6:18; 계 3:12. 4) 롬 8:15. 5) 엡 3:12; 롬 5:2. 6) 갈 4:6. 7) 시 103:13. 8) 잠 14:26. 9) 마 6:30, 32; 벧전 5:7. 10) 히 12:6. 11) 애 3:31. 12) 엡 4:30. 13) 벧전 1:3~4; 히 1:14. 14) 히 6:12."
웨스트민스터 신앙고백서,웨스트민스터 총회,,영음사,13,거룩하게 하심(성화),1,"효과 있는 부르심을 받아 중생하여 자신 안에 창조된 새 마음과 새 영을 가진 사람들은 더 나아가, 그리스도의 죽으심과 부활의 능력으로 인하 여,1) 또 그분의 말씀과 이들 안에 거하시는 성령 하나님으로 말미암아2) 실제 로 또 인격적으로 거룩하게 하심을 받는다. 즉, 온몸에 대한 죄의 지배는 파 괴되고3) 그것으로 인한 여러 욕정은 점점 더 약화되며 죽게 된다.4) 그리고 이들은 모든 구원하는 은혜 안에서 점점 더 살아나고 강해져서5) 참된 거룩함 을 실행할 수 있게 된다. 이 거룩함이 없이는 아무도 주님을 뵙지 못한다.6)","1) 고전 6:11; 행 20:32; 빌 3:10; 롬 6:5~6. 2) 요 17:17; 엡 5:26; 살후 2:13. 3) 롬 6:6, 14. 4) 갈 5:24; 롬 8:13. 5) 골 1:11; 엡 3:16~19. 6) 고후 7:1; 히 12:14."
웨스트민스터 신앙고백서,웨스트민스터 총회,,영음사,13,거룩하게 하심(성화),2,"이 거룩하게 하심은 사람의 전 부분에 두루 걸쳐서 이루어진다.1) 그 러나 이생에서는 불완전하고, 각 부분마다 부패가 얼마간 여전히 남아있 다.2) 이로부터 육체의 소욕은 성령을 거스르고 성령은 육체를 거스르는 화 해 불가능한 끊임없는 전쟁이 일어난다.3)","1) 살전 5:23. 2) 요일 1:10; 롬 7:18, 23; 빌 3:12. 3) 갈 5:17; 벧전 2:11."
웨스트민스터 신앙고백서,웨스트민스터 총회,,영음사,13,거룩하게 하심(성화),3,"이 전쟁에서, 남아있는 부패가 한동안은 상당히 지배할지라도,1) 거룩 하게 하시는 그리스도의 성령께서 계속 공급하시는 힘으로 말미암아 중생한 소욕이 마침내 이긴다.2) 이렇게 해서 성도는 하나님을 두려워하는 가운데서 거룩함을 온전히 이루며3) 은혜 안에서 자라간다.4)",1) 롬 7:23. 2) 롬 6:14; 요일 5:4; 엡 4:15~16. 3) 고후 7:1. 4) 벧후 3:18; 고후 3:18.
웨스트민스터 신앙고백서,웨스트민스터 총회,,영음사,14,구원하는 믿음,1,"선택된 자들은 믿음의 은혜로 인하여 믿을 수 있게 되어 영혼의 구원 에 이르게 된다.1) 이 믿음의 은혜는 그리스도의 성령께서 이들 마음 안에서 행 하시는 일이며,2) 통상적으로 말씀 사역에 의해 이루어진다.3) 또한 말씀 사역 에 의해, 그리고 성례의 시행과 기도에 의해 이 믿음이 증가되고 강화된다. 4)","1) 히 10:39. 2) 고후 4:13; 엡 1:17~19; 2:8. 3) 롬 10:14, 17. 4) 벧전 2:2; 행 20:32; 롬 4:11; 눅 17:5; 롬 1:16~17."
웨스트민스터 신앙고백서,웨스트민스터 총회,,영음사,14,구원하는 믿음,2,"이 믿음에 의하여 그리스도인은 성경에서 말씀하시는 하나님 그분의 권위 때문에 성경 말씀에 계시된 것은 무엇이든지 다 참되다고 믿는다.1) 그 리고 말씀의 각 구절이 담고 있는 바에 따라 달리 반응하는데, 곧 명령에는 순종하고,2) 경고에는 두려워 떨며,3) 금생과 내생에 대한 하나님의 약속을 가슴에 품는다.4) 그러나 구원하는 믿음의 주요 활동은 은혜언약에 힘입어 의롭다 하심, 거룩하게 하심 그리고 영원한 생명을 위하여 그리스도만을 인 정하고 영접하며 의지하는 것이다.5)",1) 요 4:42; 살전 2:13; 요일 5:10; 행 24:14. 2) 롬 16:26. 3) 사 66:2. 4) 히 11:13; 딤전 4:8. 5) 요 1:12; 행 16:31; 갈 2:20; 행 15:11.
웨스트민스터 신앙고백서,웨스트민스터 총회,,영음사,14,구원하는 믿음,3,이 믿음은 정도에 차이가 있어 약하거나 강하다.1) 그렇기에 종종 여 러 방식으로 공격당하고 약화될 수도 있지만 그럼에도 마침내 승리한다.2) 믿음의 창시자이며 완성자이신 그리스도3)로 말미암아 충만한 확신에 이르 기까지 여러 면에서 자라난다.4),1) 히 5:13~14; 롬 4:19~20; 마 6:30; 8:10. 2) 눅 22:31~32; 엡 6:16; 요일 5:4~5. 3) 히 12:2. 4) 히 6:11~12; 10:22; 골 2:2.
웨스트민스터 신앙고백서,웨스트민스터 총회,,영음사,15,생명에 이르는  회개,1,생명에 이르는 회개는 복음의 은혜이다.1) 모든 복음 사역자는 그리스 도를 믿는 믿음의 교리뿐만 아니라 회개의 교리도 설교해야 한다.2),1) 슥 12:10; 행 11:18. 2) 눅 24:47; 막 1:15; 행 20:21.
웨스트민스터 신앙고백서,웨스트민스터 총회,,영음사,15,생명에 이르는  회개,2,"회개를 통해 죄인은 자신의 죄가 하나님의 거룩한 본성과 의로운 율 법에 반대되는 것으로 위험할 뿐만 아니라 더럽고 혐오스럽다는 것을 보고 자각함으로써, 그리고 참회하는 자들을 향한 그리스도 안에 있는 하나님의 긍휼을 깨달음으로써, 자신의 죄를 몹시 슬퍼하며 미워하고 모든 죄에서 하 나님께로 돌이켜1) 그분의 모든 계명의 길에 그분과 동행하기를 의도하고 애 쓴다.2)","1) 겔 36:31; 사 30:22; 시 51:4; 렘 31:18~19; 욜 2:12~13; 암 5:15; 시 119:128; 고후 7:11. 2) 시 119:6, 59, 106; 눅 1:6; 왕하 23:25."
웨스트민스터 신앙고백서,웨스트민스터 총회,,영음사,15,생명에 이르는  회개,3,죄의 용서는 그리스도 안에 있는 하나님의 값없는 은혜의 행위이므 로1) 회개를 죄에 대한 속상이나 죄 용서의 원인으로 신뢰해서는 안 된다.2) 그럼에도 회개는 모든 죄인에게 반드시 필요하므로 누구도 회개하지 않고는 용서를 기대할 수 없다.3),"1) 호 14:2, 4; 롬 3:24; 엡 1:7. 2) 겔 36:31~32; 16:61~63. 3) 눅 13:3, 5; 행 17:30~31."
웨스트민스터 신앙고백서,웨스트민스터 총회,,영음사,15,생명에 이르는  회개,4,"정죄 받지 않아도 되는 작은 죄가 없듯이,1) 참으로 회개한 자를 정죄 할 큰 죄도 없다.2)","1) 롬 6:23; 5:12; 마 12:36. 2) 사 55:7; 롬 8:1; 사 1:16, 18."
웨스트민스터 신앙고백서,웨스트민스터 총회,,영음사,15,생명에 이르는  회개,5,어떤 사람도 막연한 회개로 만족해서는 안 된다. 자신의 특정한 죄를 낱낱이 회개하기를 힘쓰는 것은 각 사람의 의무이다.1),"1) 시 19:13; 눅 19:8; 딤전 1:13, 15."
웨스트민스터 신앙고백서,웨스트민스터 총회,,영음사,15,생명에 이르는  회개,6,"각 사람은 자신의 죄에 대해 사적으로 하나님께 고백해야 하며, 이것 을 용서받기 위해 기도해야 한다.1) 이렇게 하면서 죄를 떠나면 긍휼을 얻게 될 것이다.2) 그렇듯이 자신의 형제나 그리스도의 교회를 실족하게 한 사람 은 사적으로 또는 공적으로 자신의 죄를 고백하고 슬퍼함으로써 상처받은 사람들에게 자신의 회개를 기꺼이 밝혀야만 한다.3) 이런 일이 있을 때 상처 받은 이들은 회개하는 사람과 화해하고 사랑 안에서 용납해야 한다.4)","1) 시 51:4~5, 7, 9, 14; 32:5~6. 2) 잠 28:13; 요일 1:9. 3) 약 5:16; 눅 17:3~4; 수 7:19; 시 51:1~19. 4) 고후 2:8."
웨스트민스터 신앙고백서,웨스트민스터 총회,,영음사,16,선행,1,선행은 오직 하나님께서 그분 자신의 거룩한 말씀에서 명하신 것이 다.1) 맹목적인 열심에서 또는 어떤 선한 의도를 핑계로 사람들이 성경의 근 거 없이 고안해 낸 것들은 선행이 아니다.2),1) 미 6:8; 롬 12:2; 히 13:21. 2) 마 15:9; 사 29:13; 벧전 1:18; 롬 10:2; 요 16:2; 삼상 15:21~23.
웨스트민스터 신앙고백서,웨스트민스터 총회,,영음사,16,선행,2,"하나님의 계명에 순종하여 행하는 이러한 선행은 참되고 살아있는 믿음의 열매이며 증거이다.1) 신자는 선행으로 감사를 표현하고,2) 확신을 강 화하며,3) 형제들의 덕을 세우고,4) 복음의 고백을 아름답게 하며,5) 대적자들 의 입을 막고,6) 하나님을 영화롭게 한다.7) 신자는 거룩함에 이르는 열매를 맺으며 그 마지막인 영생을 얻도록8) 그리스도 예수 안에서 선한 일을 위하 여 지으심을 받은 하나님의 작품이다.9)","1) 약 2:18, 22. 2) 시 116:12~13; 벧전 2:9. 3) 요일 2:3, 5; 벧후 1:5~10. 4) 고후 9:2; 마 5:16. 5) 딛 2:5, 9~12; 딤전 6:1. 6) 벧전 2:15. 7) 벧전 2:12; 빌 1:11; 요 15:8. 8) 롬 6:22. 9) 엡 2:10."
웨스트민스터 신앙고백서,웨스트민스터 총회,,영음사,16,선행,3,"선행을 행하는 자들의 능력은 결코 자신에게서가 아니라 전적으로 그리스도의 성령에게서 오는 것이다.1) 그리고 이들이 선행을 할 수 있기 위 해서는, 이미 받은 은혜에 더하여 그분의 기쁘신 뜻을 따르기를 원하고 행하 도록 이들 안에서 일하시는 성령 하나님의 실제적인 감화가 요구된다.2) 그 렇다고 해서 성령 하나님의 특별한 역사가 없다면 아무런 의무를 행하지 않 아도 되는 양 나태에 빠져서는 안 된다. 도리어 부지런하여 자신 안에 있는 하나님의 은혜를 불 일 듯하게 해야 한다.3)","1) 요 15:4, 6; 겔 36:26~27. 2) 빌 2:13; 4:13 고후 3:5. 3) 빌 2:12; 히 6:11~12; 벧후 1:3, 5, 10~11; 사 64:7; 딤후 1:6; 행 26:6~7; 유 20~21절."
웨스트민스터 신앙고백서,웨스트민스터 총회,,영음사,16,선행,4,순종에 있어서 이 생애에서 도달할 수 있는 가장 높은 수준에 이른 사 람일지라도 마땅히 행해야 하는 의무에 한참 미치지 못한다. 하물며 잉여공 로를 쌓거나 하나님께서 요구하시는 것보다 결코 더 많이 행할 수는 없다.1),1) 눅 17:10; 느 13:22; 욥 9:2~3; 갈 5:17.
웨스트민스터 신앙고백서,웨스트민스터 총회,,영음사,16,선행,5,"우리는 최선의 선행으로도 죄의 용서나 영원한 생명을 하나님의 손 에서 공로로 얻을 수 없다. 왜냐하면 선행은 다가올 영광과 족히 비교할 수 없으며, 우리와 하나님 사이에는 무한한 간격이 있기 때문이다. 우리의 선 행으로는 하나님을 유익하게 할 수 없으며 이전 죄들의 값을 속상(贖償, satisfaction)할 수도 없다.1) 우리가 할 수 있는 모든 것을 행했을 때라도 단지 우리가 해야 할 것을 행한 것뿐이며, 무익한 종일 따름이다.2) 왜냐하면 선행은 선한 것인 만큼 성령 하나님에게서 나온 것이기 때문이며,3) 또한 우리가 행한 것인 만큼 오염되고, 많은 연약함 및 불완전함과 혼합되어 있어서 하나님의 심판의 엄정함을 견딜 수 없기 때문이다.4)","1) 롬 3:20; 4:2, 4, 6; 엡 2:8~9; 딛 3:5~7; 롬 8:18; 시 16:2; 욥 22:2~3; 35:7~8. 2) 눅 17:10. 3) 갈 5:22~23. 4) 사 64:6; 갈 5:17; 롬 7:15, 18; 시 143:2; 130:3."
웨스트민스터 신앙고백서,웨스트민스터 총회,,영음사,16,선행,6,"그럼에도 신자들 자신이 그리스도로 말미암아 기쁘게 받아들여졌으므로 이들의 선행도 그리스도 안에서 기쁘게 받아들여지지만,1) 이 생애에서 하나님 보시기에 비난받거나 책망받을 것이 전혀 없기 때문은 아니다.2) 비록 이것들이 많은 연약함과 불완전함을 수반할지라도, 하나님께서 이것들을 그분 자신의 아들 안에서 바라보시기 때문에 신실한 선행을 기꺼이 받으시고 상 주시기를 기뻐하신다.3)","1) 엡 1:6; 벧전 2:5; 출 28:38; 창 4:4; 히 11:4. 2) 욥 9:20; 시 143:2. 3) 히 13:20~21; 고후 8:12; 히 6:10; 마 25:21, 23."
웨스트민스터 신앙고백서,웨스트민스터 총회,,영음사,16,선행,7,"중생하지 않은 사람들이 행한 일들은 그 내용이 하나님께서 명령하신 것일 수 있고, 이들 자신뿐만 아니라 다른 사람들에게도 상당히 유익할 수 있다.1) 그럴지라도 이 일들은 믿음으로 정결해진 마음에서 나온 것이 아닐뿐더러,2) 하나님의 말씀에 따라 올바른 방식으로 행해진 것도 아니며,3) 또한 하나님의 영광이라는 올바른 목적을 위한 것이 아니다.4) 그러므로 이것들은 죄 된 것이며 하나님을 기쁘시게 하지 못하고, 또한 사람을 하나님에게서 은혜 받기에 합당한 자로 만들지 못한다.5) 그럼에도 중생하지 않은 사람들이 이러한 일들을 무시하는 것은 더욱 죄 된 것이고 하나님을 더욱 노엽게 하는 것이다.6)","1) 왕하 10:30~31; 왕상 21:27, 29; 빌 1:15~16, 18. 2) 창 4:5; 히 11:4, 6. 3) 고전 13:3; 사 1:12. 4) 마 6:2, 5, 16. 5) 학 2:14; 딛 1:15; 암 5:21~22; 호 1:4; 롬 9:16; 딛 3:5. 6) 시 14:4; 36:3; 욥 21:14~15; 마 25:41~43, 45; 23:23."
웨스트민스터 신앙고백서,웨스트민스터 총회,,영음사,17,"성도의 견인(堅忍, Perseverance)",1,"하나님께서 그분 자신이 사랑하시는 자 안에서 기쁘게 받으시고 자 신의 성령으로 효과 있게 부르시고 거룩하게 하신 사람들은 은혜의 상태에 서 완전히 또는 최종적으로 떨어져 나갈 수 없다. 오히려 은혜의 상태 안에 서 마지막까지 확실히 견뎌낼 것이며, 영원히 구원받을 것이다.1)","1) 빌 1:6; 벧후 1:10; 요 10:28~29; 요일 3:9; 벧전 1:5, 9."
웨스트민스터 신앙고백서,웨스트민스터 총회,,영음사,17,"성도의 견인(堅忍, Perseverance)",2,"이 성도의 견인은 성도 자신의 자유의지에 달린 것이 아니다. 이것은 하나님 아버지께서 값없이 주시는 변함없는 사랑에서 흘러나오는 선택 작정 의 불변성에,1) 예수 그리스도의 공로와 간구의 유효성에,2) 또한 이들 안에 성령 하나님과 하나님의 씨가 내주하심에,3) 그리고 은혜언약의 본질에 달린 것이다.4) 견인의 확실성과 무오성은 이 모든 것에서 발생한다.5)","1) 딤후 2:18~19; 렘 31:3. 2) 히 10:10, 14; 13:20~21; 9:12~15; 롬 8:33~39; 요 17:11, 24; 눅 22:32; 히 7:25. 3) 요 14:16~17; 요일 2:27; 3:9. 4) 렘 32:40. 5) 요 10:28; 살후 3:3; 요일 2:19."
웨스트민스터 신앙고백서,웨스트민스터 총회,,영음사,17,"성도의 견인(堅忍, Perseverance)",3,"그럼에도 성도는 사탄과 세상의 유혹으로 말미암아, 이들 안에 남아있는 부패의 득세로 인해, 또한 자신들을 보존하는 방편들을 등한시함으로써 중대한 죄에 빠질 수 있으며,1) 얼마 동안 그 죄에 계속 머물 수 있다.2) 그리하여 이들은 하나님을 노여워하시게 하며,3) 성령 하나님을 근심하시게 하고,4) 어느 정도의 은혜와 위로를 빼앗기게 되며,5) 마음이 완고해지고,6) 양심이 상처를 입게 된다.7) 또한 다른 사람들에게 상처를 주고 걸려 넘어지게 하며,8) 현세에서 받는 심판을 자초한다.9)","1) 마 26:70, 72, 74. 2) 시 51편 표제, 51:14. 3) 사 64:5, 7, 9; 삼하 11:27. 4) 엡 4:30. 5) 시 51:8, 10, 12; 계 2:4; 아 5:2~4, 6. 6) 사 63:17; 막 6:52; 16:14. 7) 시 32:3~4; 51:8. 8) 삼하 12:14. 9) 시 89:31~32; 고전 11:32."
웨스트민스터 신앙고백서,웨스트민스터 총회,,영음사,18,은혜와 구원의 확신,1,"위선자들과 중생하지 못한 사람들이 하나님의 호의와 구원의 상태에 있다는 거짓된 소망과 육적인 억측으로 자신을 헛되게 속일 수 있다.1) 이들 의 이 소망은 소멸할 것이다.2) 그러나 주 예수님을 참되게 믿고 진심으로 사 랑하여 주님 앞에서 지극히 선한 양심으로 살고자 노력하는 사람들은 이 생 애에서 자신들이 은혜의 상태에 있음을 확실하게 확신할 수 있고,3) 하나님 의 영광을 소망하는 가운데 기뻐할 수 있다. 이 소망은 이들을 결코 부끄럽 게 하지 않을 것이다.4)","1) 욥 8:13~14; 미 3:11; 신 29:19; 요 8:41. 2) 마 7:22~23. 3) 요일 2:3; 3:14, 18~19, 21, 24; 5:13. 4) 롬 5:2, 5."
웨스트민스터 신앙고백서,웨스트민스터 총회,,영음사,18,은혜와 구원의 확신,2,"이 확실성은 거짓된 소망에 근거를 둔 한낱 억측과 개연성에 따른 신 념이 아니라,1) 믿음에 속한 틀림없는 확신이다. 이 확신은 구원의 약속들에 대한 하나님의 진리,2) 이 약속들로 말미암은 은혜의 내적 증거,3) 그리고 우 리가 하나님의 자녀라는 것을 우리의 영과 더불어 증거하시는 양자의 영, 곧 성령 하나님의 증언에4) 근거한다. 이 성령 하나님께서 우리의 기업에 대한 보증이시며, 그로 인하여 우리는 인침을 받아 구속의 날까지 이른다.5)","1) 히 6:11, 19. 2) 히 6:17~18. 3) 벧후 1:4~5, 10~11; 요일 2:3; 3:14; 고후 1:12. 4) 롬 8:15~16. 5) 엡 1:13~14; 4:30; 고후 1:21~22."
웨스트민스터 신앙고백서,웨스트민스터 총회,,영음사,18,은혜와 구원의 확신,3,"이 틀림없는 확신은 믿음의 본질에 속한 것이 아니므로 참된 신자일지라도 확신에 참여하기까지 오랫동안 기다리기도 하고, 또한 많은 어려움과 싸우기도 한다.1) 그러나 그는 하나님께서 자신에게 값없이 주시는 것들을 성령 하나님에 의해 알 수 있게 되므로 특별한 계시 없이 보통의 방편들을 바르게 사용함으로써 확신에 이를 수 있다.2) 그러므로 더욱 힘써 자신의 부르심과 택하심을 굳게 하는 것이 모든 신자의 의무이다.3) 이렇게 함으로 그의 마음은 성령 하나님으로 인한 평강과 기쁨 안에서, 하나님 아버지께 드리는 사랑과 감사 안에서, 그리고 힘 있고 쾌활하게 순종의 의무를 행하는 가운데 넓어진다.4) 이것들은 이러한 확신의 고유한 열매이다. 그러므로 이 확신 때문에 신자가 나태함에 빠지는 일은 있을 수 없다.5) 130:4; 요일 1:6~7.","1) 요일 5:13; 사 50:10; 막 9:24; 시 88:1~18; 77:1~11. 2) 고전 2:12; 요일 4:13; 히 6:11~12; 엡 3:17~19. 3) 벧후 1:10. 4) 롬 5:1~2, 5; 14:17; 15:13; 엡 1:3~4; 시 4:6~7; 119:32. 5) 요일 2:1~2; 롬 6:1~2; 딛 2:11~12, 14; 고후 7:1; 롬 8:1, 12; 요일 3:2~3; 시"
웨스트민스터 신앙고백서,웨스트민스터 총회,,영음사,18,은혜와 구원의 확신,4,"참된 신자일지라도 구원의 확신이 여러 면으로 흔들리고, 줄어들며, 한때 중단될 수도 있다. 이는 확신의 보존을 등한시함으로, 양심에 상처를 입히며 성령 하나님을 근심하시게 하는 특별한 죄에 빠짐으로, 갑작스럽거나 강렬한 시험을 당함으로, 하나님께서 그분 자신의 얼굴빛을 거두셔서 하나님을 두려워하는 자라도 빛도 없이 어둠 속을 걷는 고통을 겪게 하심으로 나타난다.1) 그럼에도 하나님의 씨와 믿음의 생명, 그리스도와 형제들에 대 한 사랑, 마음의 진실함과 양심의 의무감 등이 완전히 없어지지는 않는다. 이것들로부터 성령 하나님의 역사로 인하여 이 확신이 적절한 때에 다시 살 아날 수 있으며,2) 그리고 이것들에 의해 참된 신자는 그동안에도 완전한 절 망에 빠지지 않도록 도움을 받는다.3)","1) 아 5:2~3, 6; 시 51:8, 12, 14; 엡 4:30~31; 시 77:1~10; 마 26:69~72; 시 31:22; 88:1~18; 사 50:10. 2) 요일 3:9; 눅 22:32; 욥 13:15; 시 73:15; 51:8, 12; 사 50:10. 3) 미 7:7~9; 렘 32:40; 사 54:7~10; 시 22:1; 88:1~18."
웨스트민스터 신앙고백서,웨스트민스터 총회,,영음사,19,하나님의 율법,1,"하나님께서 아담에게 행위언약으로 율법을 주셨다. 이것으로 하나님 께서 아담과 그의 모든 후손에게 인격적으로, 완전히, 정확하게, 그리고 영 속적으로 순종해야 할 의무를 부과하셨다. 그리고 율법을 성취하는 경우에 는 생명을 주기로 약속하셨으며, 깨뜨리는 경우에는 죽음을 당할 것이라고 경고하셨다. 그리고 하나님께서 그에게 이것을 지킬 수 있는 능력과 힘을 부 여하셨다.1)","1) 창 1:26~27; 2:17; 롬 2:14~15; 10:5; 5:12, 19; 갈 3:10, 12; 전 7:29; 욥 28:28."
웨스트민스터 신앙고백서,웨스트민스터 총회,,영음사,19,하나님의 율법,2,"이 율법은 아담의 타락 이후에도 여전히 의의 완전한 규칙이었다. 의 의 완전한 규칙인 이 율법은 시내산에서 십계명으로 하나님에 의해 전달되 었고, 두 돌판에 기록되었다.1) 첫 네 계명은 하나님을 향한 우리의 의무를, 나머지 여섯 계명은 사람을 향한 우리의 의무를 담고 있다.2)","1) 약 1:25; 2:8, 10~12; 롬 13:8~9; 신 5:32; 10:4; 출 34:1. 2) 마 22:37~40."
웨스트민스터 신앙고백서,웨스트민스터 총회,,영음사,19,하나님의 율법,3,"흔히 도덕법이라 일컫는 이 율법에 더하여, 하나님께서 성년에 이르 지 못한 교회인 이스라엘 백성에게 의식법을 주시기를 기뻐하셨다. 의식법은 몇 가지 상징적인 규례를 담고 있다. 한 부분은 예배에 관한 것으로 그리스도와 그분의 은혜, 사역, 고난과 은택들을 예표하고,1) 다른 한 부분은 도덕적 의무에 대한 다양한 교훈을 제시한다.2) 지금 신약 아래에서는 이러한 의식법이 모두 폐기되었다.3)","1) 히 9장; 10:1; 갈 4:1~3; 골 2:17. 2) 고전 5:7; 고후 6:17; 유 1:23. 3) 골 2:14, 16~17; 단 9:27; 엡 2:15~16."
웨스트민스터 신앙고백서,웨스트민스터 총회,,영음사,19,하나님의 율법,4,하나님께서 정치적 집단이기도 한 이스라엘에 또한 여러 가지 사법적 율법을 주셨다. 이 율법은 이들의 국가와 함께 소멸되었다. 지금 이 율법은 일반적인 공정성을 요구하는 것 외에 다른 의무를 더 이상 부과하지 않는다.1),"1) 출 21장; 22:1~29; 창 49:10; 벧전 2:13~14; 마 5:17, 38~39; 고전 9:8~10."
웨스트민스터 신앙고백서,웨스트민스터 총회,,영음사,19,하나님의 율법,5,"도덕법은 다른 사람들뿐만 아니라 의롭다 함을 받은 사람들까지 모두에게 복종할 의무를 영원히 부과한다.1) 이것은 도덕법에 담겨 있는 내용에 관해서뿐만 아니라, 도덕법을 주신 창조주 하나님의 권위라는 측면에서 그러하다.2) 그리스도께서도 복음 안에서 이러한 의무를 어떤 식으로든지 폐하지 않으시며 오히려 더욱 강화하신다.3)","1) 롬 13:8~10; 엡 6:2; 요일 2:3~4, 7~8. 2) 약 2:10~11. 3) 마 5:17~19; 약 2:8; 롬 3:31."
웨스트민스터 신앙고백서,웨스트민스터 총회,,영음사,19,하나님의 율법,6,"참된 신자는 행위언약으로서의 율법 아래 있지 않으므로 율법에 의하여 의롭게 되거나 정죄를 받지 않는다.1) 그럼에도 율법은 다른 이들뿐만 아니라 신자에게도 크게 유익하다. 율법은 하나님의 뜻과 신자의 의무를 알려주는 삶의 규칙으로서, 이것에 따라 살아가도록 신자를 지도하고 의무를 부과한다.2) 또한 이들의 본성과 마음과 삶이 죄악으로 오염된 것을 드러낸다. 3) 그리하여 신자는 율법으로 자신을 살펴봄으로써 더욱 죄를 인정하고, 죄로 인해 수치를 느끼며, 죄를 증오하기에 이른다.4) 이와 더불어 그리스도의 필요성과 그리스도의 순종의 완전성을 더욱더 분명하게 보기에 이른다.5) 이같이 죄를 금한다는 점에서6) 율법은 중생자들이 자신의 부패를 억제하는 데 유익하다. 비록 중생자들은 율법이 경고하는 저주에서 해방되었을지라도, 율법의 경고는 이들이 죄로 인해 받아 마땅한 것이 무엇인지 그리고 죄 때문에 어떠한 고통을 이 세상에서 받게 될 수 있을지를 보여주는 데 도움을 준다.7) 마찬가지로 율법의 약속은 하나님께서 순종을 인정하신다는 것을 보여주며, 율법을 행함으로 인하여 어떠한 복을 기대할 수 있는지를 보여준다.8) 비록 행위언약 아래서 마땅히 주어지는 것처럼 율법에 따라 주어지는 것은 아닐지라도9) 이러한 일들을 기대할 수 있다. 율법이 선을 격려하고 악을 제지하기 때문에 사람이 선을 행하고 악을 억제한다고 해서, 그가 은혜가 아니라 율법 아래 있다는 것을 보여주는 증거는 아니다.10)","1) 롬 6:14; 갈 2:16; 3:13; 4:4~5; 행 13:39; 롬 8:1. 2) 롬 7:12, 22, 25; 시 119:4~6; 고전 7:19; 갈 5:14, 16, 18~23. 3) 롬 7:7; 3:20. 4) 약 1:23~25; 롬 7:9, 14, 24. 5) 갈 3:24; 롬 7:24~25; 8:3~4. 6) 약 2:11; 시 119:101, 104, 128. 7) 스 9:13~14; 시 89:30~34. 8) 레 26:1~13; 고후 6:16; 엡 6:2~3; 시 37:11; 마 5:5; 시 19:11. 9) 갈 2:16; 눅 17:10. 10) 롬 6:12, 14; 벧전 3:8~12; 시 34:12~16; 히 12:28~29."
웨스트민스터 신앙고백서,웨스트민스터 총회,,영음사,19,하나님의 율법,7,앞서 말한 율법의 용도는 복음의 은혜와 충돌하지 않으며 오히려 감미롭게 어울린다.1) 곧 그리스도의 성령께서 사람의 의지를 다스려 율법에 계시된 하나님의 뜻이 행하라고 요구하는 것을 자유로이 그리고 유쾌하게 행할 수 있게 하신다.2),1) 갈 3:21. 2) 겔 36:27; 히 8:10; 렘 31:33.
웨스트민스터 신앙고백서,웨스트민스터 총회,,영음사,20,그리스도인의 자유와 양심의 자유,1,"그리스도께서 복음 아래 있는 신자를 위하여 값 주고 사신 자유는 죄 책, 하나님의 정죄하는 노하심, 그리고 도덕법의 저주로부터 자유이다.1) 또 한 이 자유는 신자가 이 악한 현세대, 사탄에게 종노릇함, 그리고 죄의 지배 에서 해방됨이며,2) 고통의 악, 사망의 쏘는 것, 무덤의 승리, 그리고 영원한 정죄에서 해방됨이다.3) 또한 이 자유는 하나님께 자유로이 나아감에,4) 노예 적인 두려움이 아니라 어린아이와 같은 사랑과 기꺼이 원하는 마음에서 하 나님께 순종을 드림에 있다.5) 이 모든 것은 또한 율법 아래 있는 신자들에게 도 공통된 것이었다.6) 그러나 신약 아래 있는 그리스도인의 자유는 유대교 회를 종속시켰던 의식법의 멍에에서 자유롭다는 점에서,7) 그리고 율법 아래 신자들이 통상적으로 참여한 것보다 은혜의 보좌에 더 담대히 나갈 수 있고 8) 하나님의 값없이 주시는 영과 더 충만히 교통한다는 점에서 더욱 확장된 다.9)","1) 딛 2:14; 살전 1:10; 갈 3:13. 2) 갈 1:4; 골 1:13; 행 26:18; 롬 6:14. 3) 롬 8:28; 시 119:71; 고전 15:54~57; 롬 8:1. 4) 롬 5:1~2. 5) 롬 8:14~15; 요일 4:18. 6) 갈 3:9, 14. 7) 갈 4:1~3, 6~7; 5:1; 행 15:10~11. 8) 히 4:14, 16; 10:19~22. 9) 요 7:38~39; 고후 3:13, 17~18."
웨스트민스터 신앙고백서,웨스트민스터 총회,,영음사,20,그리스도인의 자유와 양심의 자유,2,"오직 하나님만이 양심의 주님이시다.1) 하나님은 어떤 일에서든 자신의 말씀에 어긋나는 사람의 교훈과 계명에서, 또한 믿음이나 예배의 문제에 있어 말씀 외에 덧붙여진 사람의 교훈과 계명에서 양심을 자유롭게 하셨다.2) 그러므로 양심 때문에 이러한 교훈을 믿거나 이러한 계명에 순종하는 것은 양심의 참된 자유를 저버리는 것이다.3) 그리고 무지한 믿음과 절대적이며 맹목적인 순종을 요구하는 것은 양심의 자유를, 또한 이성의 자유를 파괴하는 것이다.4)","1) 약 4:12; 롬 14:4. 2) 행 4:19; 5:29; 고전 7:23; 마 23:8~10; 고후 1:24; 마 15:9. 3) 골 2:20, 22~23; 갈 1:10; 2:4~5; 시 5:1. 4) 롬 10:17; 14:23; 사 8:20; 행 17:11; 요 4:22; 호 5:11; 계 13:12, 16~17; 렘 8:9."
웨스트민스터 신앙고백서,웨스트민스터 총회,,영음사,20,그리스도인의 자유와 양심의 자유,3,그리스도인의 자유를 구실로 죄의 습관에 빠지거나 욕정에 탐닉하는 사람은 그리스도인의 자유의 목적을 파괴한다. 그리스도인의 자유의 목적은 우리가 원수의 손에서 건지심을 받고 종신토록 주의 앞에서 성결과 의로 두려움이 없이 주님을 섬기게 하는 것이다.1),1) 갈 5:13; 벧전 2:16; 벧후 2:19; 요 8:34; 눅 1:74~75.
웨스트민스터 신앙고백서,웨스트민스터 총회,,영음사,20,그리스도인의 자유와 양심의 자유,4,"하나님께서 세우신 권세와 그리스도께서 값 주고 사신 자유가 서로를 파괴하는 것은 하나님의 의도가 아니다. 도리어 상호 간에 서로를 지지하고 보존하는 것이 하나님의 의도이다. 이렇기 때문에 시민정부의 권세이든 교회의 권세이든, 그리스도인의 자유를 구실로 합법적인 권세나 권세의 합법적인 행사를 반대하는 사람은 하나님의 규례에 저항하는 것이다.1) 이들은 믿음이나 예배나 삶의 태도에 관해 본성의 빛이나 알려진 기독교 원리에 어긋나거나 경건의 능력에 어긋나는 견해를 공표하는 일로 인하여, 또는 이러한 행위를 옹호하는 일로 인하여, 또는 자체의 성질로 보든지 이것들을 공표하거나 옹호하는 방식으로 보든지 그리스도께서 교회에 세우신 외적인 평화와 질서를 파괴하는 이런 잘못된 견해와 행위로 인하여, 교회의 징계에 의해2) 그리고 국가 통치자의 권세에 의해3) 소명하도록 합법적으로 소환되고 소송당할 수 있다.","1) 마 12:25; 벧전 2:13~14, 16; 롬 13:1~7; 히 13:17. 2) 롬 1:32; 고전 5:1, 5, 11, 13; 요이 1:10~11; 살후 3:14; 딤전 6:3~5; 딛 1:10~11, 13; 3:10; 마 18:15~17; 딤전 1:19~20; 계 2:2, 14~15, 20; 3:9. 3) 신 13:6~11; 롬 13:3~4; 요이 1:10~11; 스 7:23, 25~28; 계 17:12, 16~17; 느 13:15, 17, 21~22, 25, 30; 왕하 23:5~6, 9, 20~21; 대하 34:33; 15:12~13, 16; 단 3:29; 딤전 2:2; 사 49:23; 슥 13:2~3."
웨스트민스터 신앙고백서,웨스트민스터 총회,,영음사,21,경건한 예배와  안식일,1,"본성의 빛은 만물에 대한 지배권과 주권을 가지신 하나님이 계신다 는 것을 보여준다. 또한 하나님께서는 선하시며, 만물에게 선을 행하신다. 사람은 온 마음과 영혼과 힘을 다해 하나님을 경외하고, 사랑하며, 찬송하 고, 이름을 부르고, 의지하며, 섬겨야 한다는 것을 보여준다.1) 하지만 참되신 하나님을 예배하기에 합당한 방식은 하나님께서 친히 제정하셨으며 자신의 계시된 뜻으로 제한하셨다. 그러므로 사람의 상상이나 고안이나 사탄의 제 안에 따라, 눈에 보이는 표상이나 성경에 규정되지 않은 어떤 방식으로도 하 나님을 예배해서는 안 된다.2)",1) 롬 1:20; 행 17:24; 시 119:68; 렘 10:7; 시 31:23; 18:3; 롬 10:12; 시 62:8; 수 24:14; 막 12:33. 2) 신 12:32; 마 15:9; 행 17:25; 마 4:9~10; 신 4:15~19; 출 20:4~6; 골 2:23.
웨스트민스터 신앙고백서,웨스트민스터 총회,,영음사,21,경건한 예배와  안식일,2,"경건한 예배는 성부, 성자, 성령 하나님께 드려야 한다.1) 천사나 성인 (聖人)이나 어떤 다른 피조물에게 드려서는 안 되며 오직 하나님께만 드려야 한다.2) 타락한 이후에는 중보자 없이 드려서는 안 되며, 그리스도 한 분 이 외에 다른 중보자를 통해 드려서도 안 된다.3)",1) 마 4:10; 요 5:23; 고후 13:13. 2) 골 2:18; 계 19:10; 롬 1:25. 3) 요 14:6; 딤전 2:5; 엡 2:18; 골 3:17.
웨스트민스터 신앙고백서,웨스트민스터 총회,,영음사,21,경건한 예배와  안식일,3,"감사함으로 드리는 기도는 경건한 예배의 으뜸가는 요소이므로1) 하 나님께서 모든 사람에게 요구하신다.2) 기도가 열납되려면, 기도는 성자의 이름으로,3) 그분의 성령의 도움으로,4) 하나님의 뜻을 따라서5) 이해력, 경외 심, 겸비함, 열정, 믿음, 사랑 그리고 인내로 해야 하고,6) 만일 소리를 내어 기도한다면 알 수 있는 언어로 해야 한다.7)","1) 빌 4:6. 2) 시 65:2. 3) 요 14:13~14; 벧전 2:5. 4) 롬 8:26. 5) 요일 5:14. 6) 시 47:7; 전 5:1~2; 히 12:28; 창 18:27; 약 5:16; 1:6~7; 막 11:24; 마 6:12, 14~15; 골 4:2; 엡 6:18. 7) 고전 14:14."
웨스트민스터 신앙고백서,웨스트민스터 총회,,영음사,21,경건한 예배와  안식일,4,"기도는 합법적인 일을 위하여, 그리고 현재 살아있거나 이후에 살게 될 모든 사람을 위하여 해야 한다.1) 그러나 죽은 사람을 위해서나2) 죽음에 이르는 죄를 범한 것으로 알려진 사람을 위하여3) 해서는 안 된다.",1) 딤전 2:1~2; 요 17:20; 삼하 7:29; 룻 4:12. 2) 삼하 12:21~23; 눅 16:25~26; 계 14:13. 3) 요일 5:16.
웨스트민스터 신앙고백서,웨스트민스터 총회,,영음사,21,경건한 예배와  안식일,5,"경외심을 가지고 성경을 읽는 것,1) 말씀을 바르게 설교하는 것,2) 이해 와 믿음과 경외함으로 하나님께 순종하는 가운데 그 말씀을 주의 깊게 듣는 것,3) 그리고 마음에 은혜를 담아 시편을 노래하는 것은,4) 또한 그리스도께 서 제정하신 성례를 적절하게 시행하고 합당하게 받는 것과 같이, 과연 하나님께 대한 경건한 예배의 정규적인 요소들이다.5) 그 밖에 경건한 맹세,6) 서원,7) 엄숙한 금식,8) 경우에 따라 드리는 감사9)와 같은 것은 때와 기회가 있을 때 거룩하고 경건한 방식으로 실행되어야 한다.10)",1) 행 15:21; 계 1:3. 2) 딤후 4:2. 3) 약 1:22; 행 10:33; 마 13:19; 히 4:2; 사 66:2. 4) 골 3:16; 엡 5:19; 약 5:13. 5) 마 28:19; 고전 11:23~29; 행 2:42. 6) 신 6:13; 느 10:29. 7) 사 19:21; 전 5:4~5. 8) 욜 2:12; 에 4:16; 마 9:15; 고전 7:5. 9) 시 107:1~43; 에 9:22. 10) 히 12:28.
웨스트민스터 신앙고백서,웨스트민스터 총회,,영음사,21,경건한 예배와  안식일,6,"지금 복음 아래서는 기도나 경건한 예배의 다른 어떤 요소들이 특정한 장소에서 행하도록 혹은 특정한 장소를 향해서 행하도록 매여 있는 것도 아니며, 또한 특정한 장소로 인해 더 기쁘게 받아들여지는 것도 아니다.1) 하나님께는 모든 곳에서2) 영과 진리로3) 예배해야 한다. 날마다4) 드리는 사적인 가정 예배5) 그리고 은밀히 홀로 드리는 개인적인 예배6) 때도 그래야 하지만, 공적 집회에서는 더 엄숙히 예배해야 한다. 하나님께서 자신의 말씀이나 섭리로 공적 집회로 부르실 때 부주의나 고의로 이를 무시하거나 등한히 해서는 안 된다.7)","1) 요 4:21. 2) 말 1:11; 딤전 2:8. 3) 요 4:23~24. 4) 마 6:11. 5) 렘 10:25; 신 6:6~7; 욥 1:5; 삼하 6:18, 20; 벧전 3:7; 행 10:2. 6) 마 6:6; 엡 6:18. 7) 사 56:6~7; 히 10:25; 잠 1:20~21, 24; 8:34; 행 13:42; 눅 4:16; 행 2:42."
웨스트민스터 신앙고백서,웨스트민스터 총회,,영음사,21,경건한 예배와  안식일,7,"본성의 법을 따라 하나님을 예배하기 위하여 일반적으로 적당한 분량의 시간을 따로 마련하듯이, 하나님께서 자신의 말씀 안에서 모든 시대에 걸쳐 모든 사람에게 구속력이 있는, 의지로 정해주신, 도덕적이고 영구한 계명으로 칠 일 가운데 특별히 어느 한 날을 안식일로 지정하시어 하나님을 향해 거룩히 지키도록 하셨다.1) 이날은 창세로부터 그리스도의 부활까지 한 주의 마지막 날이었으나, 그리스도의 부활 이후 한 주의 첫날로 바뀌었다.2) 이날은 성경에서 주의 날이라 불리며,3) 기독교 안식일로 세상의 끝날까지 계속 지켜져야 한다.4)","1) 출 20:8, 10~11; 사 56:2, 4, 6~7. 2) 창 2:2~3; 고전 16:1~2; 행 20:7. 3) 계 1:10. 4) 출 20:8, 10; 마 5:17~18."
웨스트민스터 신앙고백서,웨스트민스터 총회,,영음사,21,경건한 예배와  안식일,8,"이 안식일이 하나님을 향해 거룩하게 지켜지려면, 사람들은 마음을 합당하게 준비하고 일상사를 미리 정리한 후에, 세상의 생업과 오락에 관한 일과 말과 생각을 그치고, 온종일 거룩한 쉼을 지켜야 한다.1) 그뿐만 아니라 하나님께 공예배와 사적 예배를 드리는 일, 그리고 부득이한 일과 긍휼을 행하는 일에 온종일 전념해야 한다.2)","1) 출 20:8; 16:23, 25~26, 29~30; 31:15~17; 사 58:13; 느 13:15~19, 21~22. 2) 사 58:13; 마 12:1~13."
웨스트민스터 신앙고백서,웨스트민스터 총회,,영음사,22,합법적 맹세와  서원,1,"합법적 맹세는 경건한 예배의 한 부분이다.1) 합당한 경우에 예배 중 엄숙히 맹세하는 사람은 자신의 주장이나 약속에 대해 증인이 되어 주시도 록, 그리고 자신이 맹세한 바가 진실인지 거짓인지 판단해 주시도록 하나님 을 부른다.2)",1) 신 10:20. 2) 출 20:7; 레 19:12; 고후 1:23; 대하 6:22~23.
웨스트민스터 신앙고백서,웨스트민스터 총회,,영음사,22,합법적 맹세와  서원,2,"오직 하나님의 이름으로만 맹세해야 한다. 이때 하나님의 이름은 지 극히 거룩한 두려움과 경외심을 가지고 사용해야 한다.1) 그러므로 그 영광 스럽고 두려운 이름으로 망령되게 또는 성급히 맹세하거나 다른 어떤 것으 로 맹세하는 것은 죄악이며 혐오해야 할 일이다.2) 그럼에도 비중 있고 중요 한 문제에 있어서는 구약 시대에서만 아니라 신약 시대에서도 맹세는 하나 님의 말씀에 의해 보장되는 정당한 일인 만큼,3) 합법적인 권위에 의해 요구 될 때 이러한 문제에 대한 합법적인 맹세는 행해져야 한다.4)","1) 신 6:13. 2) 출 20:7; 렘 5:7; 마 5:34, 37; 약 5:12. 3) 히 6:16; 고후 1:23; 사 65:16. 4) 왕상 8:31; 느 13:25; 스 10:5."
웨스트민스터 신앙고백서,웨스트민스터 총회,,영음사,22,합법적 맹세와  서원,3,"맹세하는 사람은 누구든지 그처럼 엄숙한 행위의 무게를 마땅히 고 려해야만 하며, 맹세함에 있어 자신이 진실이라고 온전히 확신하는 것 외에 는 어떤 것도 단언해서는 안 된다.1) 어떤 사람도 선하고 의로운 것, 그리고 스스로 그렇다고 믿는 것, 또한 그가 행할 수도 있고 행하기로 결심할 수도 있는 것이 아닌 어떤 것에 맹세로 자신을 속박해서는 안 된다.2) 그러나 합법 적인 권위에 의해 요구될 때 선하고 의로운 것에 관한 맹세를 거부하는 것은 죄이다.3)","1) 출 20:7; 렘 4:2. 2) 창 24:2~3, 5~6, 8~9. 3) 민 5:19, 21; 느 5:12; 출 22:7~11."
웨스트민스터 신앙고백서,웨스트민스터 총회,,영음사,22,합법적 맹세와  서원,4,"맹세는 모호함이나 의중을 감추는 일 없이 명백하며 평범한 의미를 가진 말로 해야 한다.1) 맹세가 죄짓는 일을 지킬 의무를 부과하지는 않는다. 그러나 죄가 아닌 일에 대해 맹세했다면, 자신에게 해가 될지라도 지켜야만 하며,2) 또한 이단이나 불신자에게 맹세한 것일지라도 어겨서는 안 된다.3)","1) 렘 4:2; 시 24:4. 2) 삼상 25:22, 32~34; 시 15:4. 3) 겔 17:16, 18~19; 수 9:18~19; 삼하 21:1."
웨스트민스터 신앙고백서,웨스트민스터 총회,,영음사,22,합법적 맹세와  서원,5,"서원은 약속이 있는 맹세와 같은 성격을 지니므로, 맹세할 때와 마찬가 지로 경건한 마음으로 조심스럽게 해야 하며 신실함으로 실행해야 한다.1)",1) 사 19:21; 전 5:4~6; 시 61:8; 66:13~14.
웨스트민스터 신앙고백서,웨스트민스터 총회,,영음사,22,합법적 맹세와  서원,6,"서원은 어떤 피조물에게도 해서는 안 되며 오직 하나님께만 해야 한 다.1) 기쁘게 받으시는 서원이 되려면, 자발적으로, 믿음과 양심의 의무감에서, 베푸신 긍휼이나 필요한 것을 주심에 대한 감사의 표현으로 해야 한다. 이로써 우리 자신이 필수적인 의무나 다른 일에 더 엄중히 매이게 된다. 이 다른 일에는 필수적인 의무에 적합한 도움을 주는 만큼 그리고 도움을 주는 동안에만 매인다.2)",1) 시 76:11; 렘 44:25~26. 2) 신 23:21~23; 시 50:14; 창 28:20~22; 삼상 1:11; 시 66:13~14; 132:2~5.
웨스트민스터 신앙고백서,웨스트민스터 총회,,영음사,22,합법적 맹세와  서원,7,"누구도 하나님의 말씀이 금한 어떤 것을 행하려고 서원하거나, 말씀이 명한 의무를 방해하는 어떤 것을 행하려고 서원하거나, 자신의 힘으로 할 수 없는 어떤 것을 행하려고 서원하거나, 하나님에게서 행할 능력을 약속받지 못한 어떤 일을 실행하려고 서원해서는 안 된다.1) 이러한 점에서, 종신 독신생활, 청빈 서약 그리고 규칙 순종과 같은 교황주의자의 수도서원들은 더 높은 수준의 완전한 것이기는커녕 도리어 그리스도인이 얽히지 말아야 하는 미신이며 죄악된 덫일 뿐이다.2)","1) 행 23:12, 14; 막 6:26; 민 30:5, 8, 12~13. 2) 마 19:11~12; 고전 7:2, 9; 엡 4:28; 벧전 4:2; 고전 7:23."
웨스트민스터 신앙고백서,웨스트민스터 총회,,영음사,23,국가 통치자,1,"온 세상의 왕이시며 가장 높으신 주 하나님께서 그분 자신의 영광과 공적 선을 목적으로 국가 통치자를 세워 자신 아래, 국민 위에 두셨다. 그리 고 이 목적을 위하여 선한 사람을 보호하고 격려하며 악행하는 자를 징벌하 도록 이들에게 칼의 권세를 부여하셨다.1)",1) 롬 13:1~4; 벧전 2:13~14.
웨스트민스터 신앙고백서,웨스트민스터 총회,,영음사,23,국가 통치자,2,"그리스도인이 통치자의 직무로 부름 받을 경우 이 직무를 받아들여 수행 하는 것은 정당하다.1) 이 직무를 실행할 때, 그리스도인은 각 나라의 건전한 법률에 따라 특별히 경건과 정의와 평화를 지켜야만 하기 때문에2) 이 목적 을 위하여 신약 시대인 지금 정의롭고 필요한 경우에는 정당하게 전쟁을 수 행할 수 있다.3)","1) 잠 8:15~16; 롬 13:1~2, 4. 2) 시 2:10~12; 딤전 2:2; 시 82:3~4; 삼하 23:3; 벧전 2:13. 3) 눅 3:14; 롬 13:4; 마 8:9~10; 행 10:1~2; 계 17:14, 16."
웨스트민스터 신앙고백서,웨스트민스터 총회,,영음사,23,국가 통치자,3,"국가 통치자는 말씀과 성례의 시행, 또는 천국 열쇠의 권세를 자신의 것으로 삼아서는 안 된다.1) 그럼에도 일치와 평화가 교회 안에서 유지되도록, 하나님의 진리가 순전히 그리고 온전히 보존되도록, 신성모독을 하는 모든 자와 이단들이 억제되도록, 예배와 권징에 있어서 온갖 부패와 오용들이 방지되거나 개혁되도록, 그리고 하나님의 모든 규례가 적절히 제정되고 시행되며 지켜지도록 조치를 취할 권한이 있으며, 이것은 그의 의무이다.2) 이러한 일을 더 잘 실현하기 위하여, 그는 교회 회의를 소집하고, 회의에 참석하며, 회의에서 결의된 것이 하나님의 마음에 일치하도록 돌아볼 권세를 가지고 있다.3)","1) 대하 26:18; 마 18:17; 16:19; 고전 12:28~29; 엡 4:11~12; 고전 4:1~2; 롬 10:15; 히 5:4. 2) 사 49:23; 시 122:9; 스 7:23, 25~28; 레 24:16; 신 13:5~6, 12; 왕하 18:4; 대상 13:1~8; 왕하 23:1~25; 대하 34:33; 15:12~13. 3) 대하 19:8~11; 대하 29장~30장; 마 2:4~5."
웨스트민스터 신앙고백서,웨스트민스터 총회,,영음사,23,국가 통치자,4,"통치자들을 위해 기도하고,1) 이들의 신분을 존중하며,2) 이들에게 조세와 기타 세금을 내고,3) 이들의 합법적 명령에 순종하며, 이들의 권위에 복종하는 것은 양심을 따라 행할 국민의 의무이다.4) 불신앙이나 종교의 다름이 국가 통치자들의 정당하며 합법적인 권한을 무효화하지 않으며, 또 국민을 통치자에 대한 마땅한 순종으로부터 벗어나게 하지 않는다.5) 그리고 교회의 성직자들도 이러한 일에서 면제되지 않는다.6) 더욱이 교황은 지배권을 가진 통치자들에 대하여 또는 이들의 국민 중 누구에 대해서도 어떤 권세나 사법권도 갖지 않는다. 그리고 교황이 이들을 이단이라고 판정할지라도, 또는 다른 어떤 구실을 붙일지라도, 이들의 지배권이나 목숨을 빼앗을 권세나 사법권을 갖는 것은 더더욱 있을 수 없는 일이다.7)","1) 딤전 2:1~2. 2) 벧전 2:17. 3) 롬 13:6~7. 4) 롬 13:5; 딛 3:1. 5) 벧전 2:13~14, 16. 6) 롬 13:1; 왕상 2:35; 행 25:9~11; 벧후 2:1, 10~11; 유 1:8~11. 7) 살후 2:4; 계 13:15~17."
웨스트민스터 신앙고백서,웨스트민스터 총회,,영음사,24,혼인과 이혼,1,"혼인은 한 남자와 한 여자 사이에 이루어져야 한다. 한 남자가 한 명보다 많은 아내를 동시에 두는 것이나, 한 여자가 한 명보다 많은 남편을 동시에 두는 것은 합법하지 않다.1)",1) 창 2:24; 마 19:5~6; 잠 2:17.
웨스트민스터 신앙고백서,웨스트민스터 총회,,영음사,24,혼인과 이혼,2,"혼인은 남편과 아내가 서로 돕도록 제정되었다.1) 또 합법한 자녀에 의해 인류가 증가하도록, 거룩한 자손에 의해 교회가 성장하도록,2) 또한 부정을 방지하도록 제정되었다.3)","1) 창 2:18. 2) 말 2:15. 3) 고전 7:2, 9."
웨스트민스터 신앙고백서,웨스트민스터 총회,,영음사,24,혼인과 이혼,3,"분별하여 동의할 능력을 가진 모든 사람의 혼인은 합법하다.1) 그럼에도 주 안에서만 혼인하는 것이 그리스도인의 의무이다.2) 그러므로 참되며 개혁된 신앙을 고백하는 사람이라면 불신자, 천주교인, 또는 우상숭배자와 혼인해서는 안 된다. 또한 경건한 사람이라면 생활에 있어 사악하다고 잘 알려진 자나 저주받을 이단을 주장하는 자와 혼인함으로써 서로 맞지 않는 멍에를 함께 메어서는 안 된다.3) 6:14.",1) 히 13:4; 딤전 4:3; 고전 7:36~38; 창 24:57~58. 2) 고전 7:39. 3) 창 34:14; 출 34:16; 신 7:3~4; 왕상 11:4; 느 13:25~27; 말 2:11~12; 고후
웨스트민스터 신앙고백서,웨스트민스터 총회,,영음사,24,혼인과 이혼,4,"말씀에서 금하고 있는 혈족이나 인척 관계 내에서 혼인해서는 안 된다.1) 근친상간에 해당하는 이런 혼인은 사람의 어떤 법으로나 양편의 동의에 의해서도 합법화될 수 없으므로 이들이 남편과 아내로 함께 살도록 허용될 수 없다.2) 남편은 혼인할 수 있는 자신의 혈족보다 더 가까운 촌수에 해당하는 아내의 혈족과 혼인해서는 안 되고, 또한 아내도 혼인할 수 있는 자신의 혈족보다 더 가까운 촌수에 해당하는 남편의 혈족과 혼인해서는 안 된다.3)",1) 레 18:1~30; 고전 5:1; 암 2:7. 2) 막 6:18; 레 18:24~28. 3) 레 20:19~21.
웨스트민스터 신앙고백서,웨스트민스터 총회,,영음사,24,혼인과 이혼,5,"약혼 후에 범한 간음이나 음행이 혼인 전에 드러났을 때, 잘못이 없는 당사자는 그 약혼을 파혼할 정당한 이유를 갖는다.1) 혼인 후에 범한 간음의 경우에는, 잘못이 없는 당사자가 요구하여 이혼하는 일은 합법하다.2) 그리고 이혼한 후에는, 마치 잘못을 범한 당사자가 죽은 것과 같아서, 다른 사람과 혼인하는 일은 합법하다.3)",1) 마 1:18~20. 2) 마 5:31~32. 3) 마 19:9; 롬 7:2~3.
웨스트민스터 신앙고백서,웨스트민스터 총회,,영음사,24,혼인과 이혼,6,"사람은 부패해서 하나님께서 혼인으로 짝지어 주신 사람들을 부당하게 갈라놓을 이유를 고안해 내는 경향이 있다. 그렇지만 간음, 또는 고의적인 유기 곧 교회나 국가 통치자에 의해서도 도무지 고쳐질 수 없는 유기 이 외에 어떤 것도 혼인으로 묶인 띠를 풀어놓을 이유로 충분하지 않다.1) 이러 한 경우에도 공적이며 질서 있는 절차를 따라야 하며, 이와 관련된 일을 당 사자들이 자신의 뜻과 판단에 따라 행하게 내버려두어서는 안 된다.2)",1) 마 19:8~9; 고전 7:15; 마 19:6. 2) 신 24:1~4.
웨스트민스터 신앙고백서,웨스트민스터 총회,,영음사,25,교회,1,"보이지 않는 공교회 곧 보편교회는 교회의 머리이신 그리스도 아래 하나로 모여져 왔거나 모여지고 있거나 모여질 모든 선택 받은 사람으로 구성된다. 그리고 이 교회는 그리스도의 신부이고, 몸이며, 만물 안에서 만물을 충만하게 하시는 이의 충만함이다.1)","1) 엡 1:10, 22~23; 5:23, 27, 32; 골 1:18."
웨스트민스터 신앙고백서,웨스트민스터 총회,,영음사,25,교회,2,"보이는 교회 역시 복음 아래에서 (이전에 율법 아래에서 한 민족에 한정되었던 것과 달리) 보편적이다. 이 교회는 온 세상에서 참된 신앙을 고백하는 자들과1) 이들의 자녀들로2) 구성된다. 그리고 이 교회는 주 예수 그리스도의 왕국이며,3) 하나님의 집이며 가족이고4) 일반적으로 이 교회 밖에서는 구원의 가능성이 없다.5)",1) 고전 1:2; 12:12~13; 시 2:8; 계 7:9; 롬 15:9~12. 2) 고전 7:14; 행 2:39; 겔 16:20~21; 롬 11:16; 창 3:15; 17:7. 3) 마 13:47; 사 9:7. 4) 엡 2:19; 3:14~15. 5) 행 2:47.
웨스트민스터 신앙고백서,웨스트민스터 총회,,영음사,25,교회,3,현세에서 세상 끝날까지 성도를 모으고 온전하게 하기 위하여 그리 스도께서 보이는 보편교회에 하나님의 직분과 말씀과 규례를 주셨다. 그리 고 그분 자신의 약속에 따라서 자신의 임재와 성령에 의하여 이것들이 그 목 적에 효과 있게 하신다.1),1) 고전 12:28; 엡 4:11~13; 마 28:19~20; 사 59:21.
웨스트민스터 신앙고백서,웨스트민스터 총회,,영음사,25,교회,4,"이 보편교회는 때로는 잘 보였고, 때로는 잘 보이지 않았다.1) 이 보편 교회의 구성원인 개교회들의 순수함은 복음의 교리가 가르쳐지고 받아들여 지며, 규례들이 시행되고, 공예배가 행해지는 일들의 순수함에 따라 더하거 나 덜하게 된다.2)","1) 롬 11:3~4; 계 12:6, 14. 2) 계 2~3장; 고전 5:6~7."
웨스트민스터 신앙고백서,웨스트민스터 총회,,영음사,25,교회,5,하늘 아래 가장 순수한 교회일지라도 혼합과 오류 아래 있다.1) 어떤 교회들은 그리스도의 교회가 아니라 사탄의 회당(會黨)이 될 정도로 타락하 기도 했다.2) 그럼에도 이 땅에는 하나님의 뜻에 따라서 하나님을 예배하는 교회가 항상 있을 것이다.3),"1) 고전 13:12; 계 2~3장; 마 13:24~30, 47. 2) 계 18:2; 롬 11:18~22. 3) 마 16:18; 시 72:17; 102:28; 마 28:19~20."
웨스트민스터 신앙고백서,웨스트민스터 총회,,영음사,25,교회,6,"주 예수 그리스도 외에 교회의 다른 머리는 없다.1) 로마 교황은 어떤 의미에서도 교회의 머리일 수 없다. 오히려 그는 그리스도를 대적하고 하나 님으로 불리는 모든 것에 대적하여 교회에서 자신을 높이는 적그리스도이 며, 불법의 사람이고, 멸망의 아들이다.2)","1) 골 1:18; 엡 1:22. 2) 마 23:8~10; 살후 2:3~4, 8, 9; 계 13:6."
웨스트민스터 신앙고백서,웨스트민스터 총회,,영음사,26,성도의 교제,1,"모든 성도는 자신들의 머리이신 예수 그리스도에게 그분의 성령에 의하여 그리고 믿음으로 연합되어 그리스도와 함께 그분의 은혜, 고난, 죽 음, 부활, 그리고 영광에 참여한다.1) 그리고 사랑 안에서 서로 연합되어 각 사람의 은사와 은혜를 나눈다.2) 또한 속사람과 겉사람 모두와 관련하여 서 로의 유익에 기여하는 공적, 사적 의무를 행할 책임이 있다.3)","1) 요일 1:3; 엡 3:16~19; 요 1:16; 엡 2:5~6; 빌 3:10; 롬 6:5~6; 딤후 2:12. 2) 엡 4:15~16; 고전 12:7; 3:21~23; 골 2:19. 3) 살전 5:11, 14; 롬 1:11~12, 14; 요일 3:16~18; 갈 6:10."
웨스트민스터 신앙고백서,웨스트민스터 총회,,영음사,26,성도의 교제,2,"신앙고백을 할 때, 성도는 하나님을 예배하는 일과, 서로의 덕을 세 우는 데 도움이 되는 영적 봉사를 행하는 일에 있어 거룩한 친교와 교제를 지속할 의무를 지닌다.1) 또한 자신들의 다양한 능력과 필요에 따라 육적인 일들에서 서로를 도울 의무를 지닌다. 이러한 교제는 하나님께서 기회를 주 시는 대로 각 처에서 주 예수님의 이름을 부르는 모든 사람에게 확장되어야 한다.2)","1) 히 10:24~25; 행 2:42, 46; 사 2:3; 고전 11:20. 2) 행 2:44~45; 요일 3:17; 고후 8~9장; 행 11:29~30"
웨스트민스터 신앙고백서,웨스트민스터 총회,,영음사,26,성도의 교제,3,"그리스도와 함께하는 이 교제로 말미암아 성도가 어떤 식으로든 그 리스도의 신적 본질에 참여하거나, 또는 어떤 점에서든 그리스도와 동등해 지는 것은 결코 아니다. 이 두 주장은 다 불경건하며 신성모독이다.1) 또한 성 도로서 서로 교제한다고 하여 각 사람의 재산과 소유에 대한 사적 소유권을 빼앗거나 침해해서는 안 된다.2)",1) 골 1:18~19; 고전 8:6; 사 42:8; 딤전 6:15~16; 시 45:7; 히 1:8~9. 2) 출 20:15; 엡 4:28; 행 5:4.
웨스트민스터 신앙고백서,웨스트민스터 총회,,영음사,27,성례,1,"성례는 은혜언약의 거룩한 표지이고 인장이며,1) 하나님께서 직접 제 정하신 것으로,2) 그리스도와 그분의 은택들을 나타내고, 그리스도 안에 있 는 우리의 권리를 확증하며,3) 또한 교회에 속한 사람들을 세상에 속한 사람 들과 눈에 보이게 구별하고,4) 하나님의 말씀을 따라 그리스도 안에서 하나 님을 섬기는 일에 엄숙히 참여하도록 하기 위한 것이다.5)","1) 롬 4:11; 창 17:7, 10. 2) 마 28:19; 고전 11:23. 3) 고전 10:16; 11:25~26; 갈 3:27. 4) 롬 15:8; 출 12:48; 창 34:14. 5) 롬 6:3~4; 고전 10:16, 21."
웨스트민스터 신앙고백서,웨스트민스터 총회,,영음사,27,성례,2,각 성례에는 표지와 표지가 가리키는 실체 사이에 영적 관계 또는 성 례전적 연합이 있다. 따라서 표지의 이름과 효과는 그 실체에서 기인한다.1),1) 창 17:10; 마 26:27~28; 딛 3:5.
웨스트민스터 신앙고백서,웨스트민스터 총회,,영음사,27,성례,3,"성례가 바르게 시행될 때, 성례 안에서 또 성례에 의하여 제시되는 은 혜는 성례 안에 있는 어떤 힘에 의해 주어지는 것이 아니다. 성례의 효력은 집례자의 경건이나 의향에 의존하는 것이 아니라,1) 성령 하나님의 역사하심과 제정의 말씀에 의존한다.2) 이 제정의 말씀은 성례의 시행 권한을 부여하 는 명령과 더불어, 합당하게 받는 자에게 제시되는 은택의 약속을 담고 있 다.3)",1) 롬 2:28~29; 벧전 3:21. 2) 마 3:11; 고전 12:13. 3) 마 26:27~28; 28:19~20.
웨스트민스터 신앙고백서,웨스트민스터 총회,,영음사,27,성례,4,"복음에는 그리스도 우리 주님께서 제정하신 오직 두 가지 성례가 있 을 뿐이니, 곧 세례와 성찬이다. 이 둘 가운데 어느 것도 합법하게 임직받은 말씀 사역자 외에는 누구에 의해서도 시행되어서는 안 된다.1)","1) 마 28:19; 고전 11:20, 23; 4:1; 히 5:4."
웨스트민스터 신앙고백서,웨스트민스터 총회,,영음사,27,성례,5,"구약의 성례들은, 이것들이 표지하고 제시하는 영적인 실체들과 관 련하여, 본질상 신약의 성례들과 동일하다.1)",1) 고전 10:1~4.
웨스트민스터 신앙고백서,웨스트민스터 총회,,영음사,28,세례,1,"세례는 신약의 성례이다.1) 예수 그리스도께서 제정하신 것으로, 보이 는 교회에 수세자를 엄숙히 가입시키는 것일 뿐 아니라,2) 수세자를 위한 은 혜언약의 표지와 인장이다.3) 그리스도께 접붙임 받음,4) 중생,5) 죄 사함,6) 그 리고 예수 그리스도로 말미암아 하나님께 자신을 드려 새 생명 가운데 행함 의 표지와 인장이다.7) 이 성례는 그리스도께서 친히 명하신 대로 그분의 교 회 안에서 세상 끝까지 계속되어야 한다.8)",1) 마 28:19. 2) 고전 12:13. 3) 롬 4:11; 골 2:11~12. 4) 갈 3:27; 롬 6:5. 5) 딛 3:5. 6) 막 1:4. 7) 롬 6:3~4. 8) 마 28:19~20.
웨스트민스터 신앙고백서,웨스트민스터 총회,,영음사,28,세례,2,"이 성례에서 사용되는 외적 요소는 물이다. 수세자는 물로 세례를 받 되, 세례를 주도록 합법하게 부름을 받은 복음 사역자에 의하여, 성부와 성 자와 성령의 이름으로 받아야 한다.1)",1) 마 3:11; 요 1:33; 마 28:19~20.
웨스트민스터 신앙고백서,웨스트민스터 총회,,영음사,28,세례,3,"수세자를 물에 잠그는 것은 필수가 아니며, 물을 붓거나 뿌리는 것으로도 세례는 바르게 시행된다.1)","1) 히 9:10, 19~22; 행 2:41; 행 16:33; 마 7:4."
웨스트민스터 신앙고백서,웨스트민스터 총회,,영음사,28,세례,4,"그리스도에 대한 믿음과 순종을 실제로 고백하는 사람뿐만 아니라,1) 부모 중 한편이나 양편이 믿는 유아도 또한 세례를 받아야 한다.2)","1) 막 16:15~16; 행 8:37~38. 2) 창 17:7, 9; 갈 3:9, 14; 골 2:11~12; 행 2:38~39; 롬 4:11~12; 고전 7:14; 마 28:19; 막 10:13~16; 눅 18:15."
웨스트민스터 신앙고백서,웨스트민스터 총회,,영음사,28,세례,5,"이 규례를 경멸하거나 소홀히 하는 것은 중대한 죄이다.1) 그럼에도 은혜와 구원이 세례와 뗄 수 없게 결합되어 있는 것은 아니다. 따라서 세례 없이는 중생이나 구원을 받지 못한다거나,2) 혹은 세례받은 사람은 누구나 의심할 여지 없이 중생하였다고는 할 수 없다.3)","1) 눅 7:30; 출 4:24~26. 2) 롬 4:11; 행 10:2, 4, 22, 31, 45, 47. 3) 행 8:13, 23."
웨스트민스터 신앙고백서,웨스트민스터 총회,,영음사,28,세례,6,"세례의 효력은 시행되는 시점에 한정되어 있지 않다.1) 그럼에도 이 규례가 바르게 시행될 때, 약속된 은혜가 제안될 뿐만 아니라, 하나님의 의지의 경륜에 따라 은혜에 속한 (성인이든 유아이든) 사람에게는 하나님께서 정하신 때에 성령 하나님에 의하여 실제로 제시되고 전달된다.2)","1) 요 3:5, 8. 2) 갈 3:27; 딛 3:5; 엡 5:25~26; 행 2:38, 41."
웨스트민스터 신앙고백서,웨스트민스터 총회,,영음사,28,세례,7,세례의 성례는 누구에게나 단 한 번만 시행되어야 한다.1),1) 딛 3:5.
웨스트민스터 신앙고백서,웨스트민스터 총회,,영음사,29,주의 만찬(성찬),1,"우리 주 예수님께서, 배신당하셨던 밤에, 주의 만찬이라 불리는 자신 의 몸과 피의 성례를 제정하셨다. 이는 죽음으로 자신을 희생하심을 영원히 기억하게 하고, 이 죽음으로 인한 모든 은택을 참된 신자들에게 인치며, 이 들이 주님 안에서 영적 양식을 공급받아 성장하고, 주님께 마땅히 행하여야 하는 모든 의무를 더욱 잘 감당하도록 그분 자신의 교회에서 주의 만찬을 세 상 끝날까지 지키게 하심이다. 또한 주님의 신비한 몸의 지체로서 주님과 교 제함과 서로 간에 교제함의 띠와 보증이 되도록 하심이다.1)","1) 고전 11:23~26; 10:16~17, 21; 12:13."
웨스트민스터 신앙고백서,웨스트민스터 총회,,영음사,29,주의 만찬(성찬),2,"이 성례에서 그리스도께서 성부 하나님께 바쳐지는 것이 아니며, 또 한 산 자와 죽은 자의 죄 사함을 위한 희생제사가 실제로 행해지는 것도 결 코 아니다.1) 단지 십자가 위에서 단번에 스스로 자신을 바치신 그 한 번의 봉 헌을 기념하는 것일 뿐이다. 그리고 이것에 대해 할 수 있는 모든 찬송을 하 나님께 영적으로 올려드리는 것일 뿐이다.2) 그러므로 교황주의자들이 미사 라고 부르는 희생제사는 선택받은 자들의 모든 죄를 위한 유일한 화목제물, 곧 그리스도의 단 하나뿐인 희생제사에 대한 지극히 혐오스러운 훼손이다.3)","1) 히 9:22, 25~26, 28. 2) 고전 11:24~26; 마 26:26~27. 3) 히 7:23~24, 27; 10:11~12, 14, 18."
웨스트민스터 신앙고백서,웨스트민스터 총회,,영음사,29,주의 만찬(성찬),3,"이 규례에서, 주 예수님께서 자신의 사역자들에게 명하여, 제정의 말 씀을 회중에게 선포하게 하시고, 기도함으로 빵과 포도주를 축사하여 이것 들을 일상적 용도가 아닌 거룩한 용도를 위해 따로 구분하게 하시며, 빵을 가지고 떼며 잔을 가지고 (자신들도 참여하면서) 이 두 요소를 모두 수찬자 들에게 나누어주게 하셨다.1) 그러나 예식에 참석하지 않은 자에게는 나누어 주지 않도록 하셨다.2)",1) 마 26:26~28; 막 14:22~24; 눅 22:19~20; 고전 11:23~26. 2) 행 20:7; 고전 11:20.
웨스트민스터 신앙고백서,웨스트민스터 총회,,영음사,29,주의 만찬(성찬),4,"사적인 미사, 또는 사제나 다른 어떤 사람에게서 이 성례를 홀로 받는 것,1) 또는 잔을 회중에게 주지 않는 것,2) 성찬의 요소들을 숭배하는 일, 곧 숭배할 목적으로 이것들을 들어 올리거나, 이것들을 가지고 행진하는 일, 그 리고 신령한 용도라는 구실로 이것들을 보존하는 일 등은 모두 성찬의 본질 과 이것을 제정하신 그리스도의 뜻에 역행한다.3)",1) 고전 10:6. 2) 막 14:23; 고전 11:25~29. 3) 마 15:9.
웨스트민스터 신앙고백서,웨스트민스터 총회,,영음사,29,주의 만찬(성찬),5,"이 성례의 외적 요소들은 그리스도께서 제정하신 용도를 위해 합당 하게 구별될 때, 십자가에 달려 죽으신 그리스도와 관계된다. 이 관계에 따 라 종종 이 요소들은, 참으로 그러나 성례전적으로만, 이 요소들이 나타내는 실체의 이름 즉 그리스도의 몸과 피로 불린다.1) 그럼에도 이 요소들은 실체 와 본질에 있어서 전과 같이, 참으로 그리고 오직, 여전히 빵과 포도주 그대 로이다.2)",1) 마 26:26~28. 2) 고전 11:26~28; 마 26:29.
웨스트민스터 신앙고백서,웨스트민스터 총회,,영음사,29,주의 만찬(성찬),6,"빵과 포도주의 실체가, 사제의 축성이나 다른 어떤 방식에 의해서, 그리스도의 몸과 피의 실체로 변화한다고 주장하는 (일반적으로 화체설이라고 불리는) 이러한 교리는 성경뿐만 아니라 심지어 상식과 이성에도 반대되고, 성례의 본질을 파괴하며, 여러 가지 미신의 원인, 실로 역겨운 우상숭배의 원인이었고 지금도 그러하다.1)","1) 행 3:21; 고전 11:24~26; 눅 24:6, 39."
웨스트민스터 신앙고백서,웨스트민스터 총회,,영음사,29,주의 만찬(성찬),7,"합당한 수찬자들은 이 성례의 보이는 요소들을 외적으로 먹을 때,1) 십자가에 죽으신 그리스도와 그의 죽음으로 인한 모든 은택을 또한 믿음에 의하여 내적으로, 그리고 과연 실재적(實在的)으로 받아서 먹는다. 그러나 육적으로 그리고 육체로 먹는 것이 아니라 영적으로 먹는 것이다. 그리스도의 몸과 피는 빵이나 포도주 안에, 옆에, 또는 아래에, 육체로나 육적으로 있지 않다. 그럼에도 이 요소들 자체가 신자들의 외적인 감각에 현존하듯이, 그리스도의 몸과 피는 이 규례에 참여하는 신자의 믿음에 실재적으로 그러나 영적으로 현존한다.2)",1) 고전 11:28. 2) 고전 10:16.
웨스트민스터 신앙고백서,웨스트민스터 총회,,영음사,29,주의 만찬(성찬),8,무지하고 사악한 사람들은 이 성례에서 외적인 요소들을 받을지라도 요소들이 가리키는 실체를 받는 것은 아니다. 단지 성례에 합당하지 않게 참여함으로써 주님의 몸과 피에 대하여 죄를 범하여 스스로 정죄에 이른다. 그러므로 모든 무지하며 불경건한 사람들은 그리스도와의 교제를 누리기에 적합하지 않기 때문에 또한 주님의 식탁에도 참여하기에 합당하지 않다. 이들이 이런 상태에 머무는 한 이 거룩한 신비에 참여하거나1) 참여가 허락된다면2 이러한 일은 그리스도께 큰 죄를 짓는 것이다.,"1) 고전 11:27~29; 고후 6:14~16. 2) 고전 5:6~7, 13; 살후 3:6, 14~15; 마 7:6."
웨스트민스터 신앙고백서,웨스트민스터 총회,,영음사,30,교회 권징,1,교회의 왕이시며 머리이신 주 예수님께서 교회 정치를 국가 통치자의 손이 아니라 교회 직원들에게 맡기셨다.1) 마 28:18~20.,"1) 사 9:6~7; 딤전 5:17; 살전 5:12; 행 20:17~18; 히 13:7, 17, 24; 고전 12:28;"
웨스트민스터 신앙고백서,웨스트민스터 총회,,영음사,30,교회 권징,2,"이 교회 직원들에게 천국 열쇠들이 위임되었다. 이 열쇠들의 힘으로 이들은 사안별로 죄를 그대로 두거나 사할 권세를 갖는다. 필요에 따라, 회개하지 않는 죄인에게는 말씀과 권징에 의하여 천국 문을 닫을 권세를 가지며, 또한 회개하는 죄인에게는 복음 사역에 의하여 그리고 해벌에 의하여 천국 문을 열 권세를 갖는다.1)",1) 마 16:19; 마 18:17~18; 요 20:21~23; 고후 2:6~8.
웨스트민스터 신앙고백서,웨스트민스터 총회,,영음사,30,교회 권징,3,"교회 권징이 필요한 목적은 죄를 범한 형제들을 교정하여 얻기 위함이며, 다른 사람들이 유사한 죄를 범하지 않도록 하기 위함이고, 누룩이 온 덩어리에 퍼지지 않도록 제거하기 위함이며, 그리스도의 명예와 복음에 대한 거룩한 고백을 지키기 위함이다. 그리고 확실히 드러난 완고한 범죄자들에게 하나님의 언약과 그 인장들이 모독을 받도록 내버려둘 경우 교회에 마땅히 임하게 될 하나님의 진노를 면하기 위함이다.1)",1) 고전 5:1~13; 딤전 5:20; 마 7:6; 딤전 1:20; 고전 11:27~34; 유 23절.
웨스트민스터 신앙고백서,웨스트민스터 총회,,영음사,30,교회 권징,4,"이러한 목적을 더 잘 실현하기 위하여 교회 직원들은 당사자의 범죄 와 과실의 성질에 따라 견책, 일시적 수찬정지, 그리고 출교의 절차를 진행 해야 한다.1)","1) 살전 5:12; 살후 3:6, 14~15; 고전 5:4~5, 13; 마 18:17; 딛 3:10."
웨스트민스터 신앙고백서,웨스트민스터 총회,,영음사,31,대회와 공의회,1,"더 나은 교회 정치와 건덕을 위하여, 일반적으로 대회 또는 공의회라 고 불리는 교회 회의가 있어야 한다.1)","1) 행 15:2, 4, 6."
웨스트민스터 신앙고백서,웨스트민스터 총회,,영음사,31,대회와 공의회,2,"국가 통치자가 신앙 문제에 대해 상의하고 조언을 구하기 위하여 목 사들과 다른 적합한 사람들로 구성된 대회를 합법하게 소집할 수 있다.1) 그 러나 만약 국가 통치자가 교회에 대한 공공연한 대적자라면, 그리스도의 목 사들도 자신들의 직무의 권한을 가지고 자체적으로 회의를 열어 모일 수 있 으며, 또는 교회들로부터 받은 위임에 근거하여 다른 적합한 사람들과 함께 모일 수 있다.2)","1) 사 49:23; 딤전 2:1~2; 대하 19:8~11; 29~30장; 마 2:4~5; 잠 11:14. 2) 행 15:2, 4, 22~23, 25."
웨스트민스터 신앙고백서,웨스트민스터 총회,,영음사,31,대회와 공의회,3,"대회와 공의회가 수종 드는 사역은 신앙의 논쟁들과 양심의 문제들 을 결정하는 일, 하나님께 드리는 공예배의 더 나은 순서와 하나님의 교회 를 다스리기 위한 일을 위한 규칙과 지침을 제정하는 일, 또한 잘못된 행정 사안에 대한 불만을 접수하는 일, 그리고 이 사안을 권위 있게 결정하는 일이다. 이 결정과 판결이 하나님의 말씀에 일치한다면 존경과 복종으로 받아 들여야 한다. 이 결정과 판결이 하나님의 말씀과 일치하기 때문만이 아니라, 또한 이것들이 하나님의 말씀에서 명하신 하나님의 규례라고 판단한 권세 때문에 그렇게 해야 한다.1)","1) 행 15:15, 19, 24, 27~31; 16:4; 마 18:17~20."
웨스트민스터 신앙고백서,웨스트민스터 총회,,영음사,31,대회와 공의회,4,"사도 시대 이래로, 전체적으로든지 개별적으로든지 모든 대회나 공 의회는 오류를 범할 수 있으며 많은 회의가 오류를 범했다. 그러므로 이 회 의들은 신앙과 행위의 규칙이 되어서는 안 되며 도움이 되는 것으로만 여겨 야 한다.1)",1) 엡 2:20; 행 17:11; 고전 2:5; 고후 1:24.
웨스트민스터 신앙고백서,웨스트민스터 총회,,영음사,31,대회와 공의회,5,"대회와 공의회는 교회에 관한 것 이외에 어떠한 것도 다루거나 결정 해서는 안 되고, 국가에 속한 시민사회의 문제에 관여해서는 안 된다. 단, 특 별한 경우에 겸손히 청원하는 방식으로 관여할 수 있다. 또는 국가 통치자가 조언을 요청한다면 양심을 만족시키는 조언의 방식으로 관여할 수 있다.1)",1) 눅 12:13~14; 요 18:36.
웨스트민스터 신앙고백서,웨스트민스터 총회,,영음사,32,사람의 사후 상태와 죽은 자의 부활,1,"사람의 몸은 죽은 후에 흙으로 돌아가 썩음을 당한다.1) 그러나 (죽지 도 않으며 잠자지도 않는) 영혼은 불멸성을 가지므로 영혼을 주신 하나님 께로 즉시 돌아간다.2) 의인의 영혼은, 이때 완전히 거룩하게 되어, 가장 높 은 하늘에 받아들여진다. 이곳에서 이들은 자신들의 몸의 완전한 구속을 기 다리면서3) 빛과 영광 가운데 하나님의 얼굴을 뵙는다. 그러나 악인의 영혼 은 지옥에 던져져 큰 날의 심판을 받기까지 그곳에서 고통과 칠흑 같은 어둠 가운데 거한다.4) 몸에서 분리된 영혼들의 장소로 이 두 곳 외에 성경은 어떤 곳도 인정하지 않는다.","1) 창 3:19; 행 13:36. 2) 눅 23:43; 전 12:7. 3) 히 12:23; 고후 5:1, 6, 8; 빌 1:23; 행 3:21; 엡 4:10. 4) 눅 16:23~24; 행 1:25; 유 1:6~7; 벧전 3:19."
웨스트민스터 신앙고백서,웨스트민스터 총회,,영음사,32,사람의 사후 상태와 죽은 자의 부활,2,"마지막 날에, 살아 있는 자들은 죽지 않을 것이며 단지 변화될 것이 다.1) 그리고 모든 죽은 자들은, 비록 질적으로는 다르지만, 다른 몸이 아닌 바로 자기 자신의 몸으로 부활할 것이다. 그리고 그 몸은 자신의 영혼과 다 시 결합하여 영원히 하나로 있을 것이다.2)",1) 살전 4:17; 고전 15:51~52. 2) 욥 19:26~27; 고전 15:42~44.
웨스트민스터 신앙고백서,웨스트민스터 총회,,영음사,32,사람의 사후 상태와 죽은 자의 부활,3,"악인의 몸은 그리스도의 능력으로 말미암아 부활하여 수치를 당하게 될 것이다. 반면에 의인의 몸은 그리스도의 성령으로 말미암아 부활하여 영 광에 이르게 될 것이며, 그리스도 그분의 영광스러운 몸의 형체와 같이 변화 될 것이다.1)",1) 행 24:15; 요 5:28~29; 고전 15:42; 빌 3:21.
웨스트민스터 신앙고백서,웨스트민스터 총회,,영음사,33,최후의 심판,1,"하나님께서 예수 그리스도를 통하여 세상을 공의로 심판하실 한 날 을 정하셨다.1) 성부 하나님께서는 예수 그리스도께 모든 권세와 심판하는 권한을 주셨다.2) 그날에, 타락한 천사들이 심판받을 뿐만 아니라,3) 지상에 서 살았던 모든 사람도 또한 그리스도의 심판대 앞에 나타나, 자신들의 생 각과 말과 행위를 고하고, 선악 간에 자신의 몸으로 행한 것을 따라 받을 것 이다.4)","1) 행 17:31. 2) 요 5:22, 27. 3) 고전 6:3; 유 1:6; 벧후 2:4. 4) 고후 5:10; 전 12:14; 롬 2:16; 14:10, 12; 마 12:36~37."
웨스트민스터 신앙고백서,웨스트민스터 총회,,영음사,33,최후의 심판,2,"하나님께서 정하신 목적은 선택된 자들의 영원한 구원에서 자신의 긍휼의 영광을 나타내시고, 사악하고 불순종하는 유기된 자들의 정죄에서 자신의 공의의 영광을 나타내시는 것이다. 그때 의인들은 영원한 생명에 들 어가 주님의 임재로부터 나오는 충만한 기쁨과 새롭게 됨을 받을 것이다. 그 러나 하나님을 알지 못하며 예수 그리스도의 복음에 순종하지 않은 악인들 은 영원한 고통 속에 던져지고, 주님의 임재와 그분의 능력의 영광을 떠나 영원한 멸망의 형벌을 받을 것이다.1)",1) 마 25:31~46; 롬 2:5~6; 9:22~23; 마 25:21; 행 3:19; 살후 1:7~10.
웨스트민스터 신앙고백서,웨스트민스터 총회,,영음사,33,최후의 심판,3,"모든 사람이 죄짓는 일을 두려워하도록, 또한 경건한 자들이 역경 속에서 더 큰 위로를 얻도록, 그리스도께서는 심판 날이 있음을 우리가 분명히 확신하기를 원하신다.1) 그렇지만 주님께서 이날을 모르게 하실 것이다. 이는 주님께서 언제 오실지 모르기 때문에 사람들이 육적인 안전감을 일체 떨쳐버리고 항상 깨어 있도록, 그리고 다음과 같이 말할 준비가 항상 되어 있도록 하기 위함이다. “오시옵소서, 주 예수여 속히 오시옵소서, 아멘.”2)","1) 벧후 3:11, 14; 고후 5:10~11; 살후 1:5~7; 눅 21:27~28; 롬 8:23~25. 2) 마 24:36, 42~44; 막 13:35~37; 눅 12:35~36; 계 22:20."
